basho,id,rank,rikishi,heya,shusshin,birth_date,height,weight,prev,prev_w,prev_l
2019.01,1235,Y1e,Kisenosato,Tagonoura,Ibaraki,1986-07-03,188,177,Y2e,0,5
2019.01,1123,Y1w,Hakuho,Miyagino,Mongolia,1985-03-11,193,150.7,Y1e,0,0
2019.01,1219,Y2e,Kakuryu,Izutsu,Mongolia,1985-08-10,186,150,Y1w,0,0
2019.01,6480,O1e,Takayasu,Tagonoura,Ibaraki,1990-02-28,187,163,O1w,12,3
2019.01,6468,O1w,Goeido,Sakaigawa,Osaka,1986-04-06,183,158.2,O1e,8,4
2019.01,6599,O2w,Tochinoshin,Kasugano,Georgia,1987-10-13,192,162,O2w,8,7
2019.01,12191,S1e,Takakeisho,Chiganoura,Hyogo,1996-08-05,173,149,K1e,13,2
2019.01,5944,S1w,Tamawashi,Kataonami,Mongolia,1984-11-16,190,161,M2w,9,6
2019.01,11784,K1e,Myogiryu,Sakaigawa,Hyogo,1986-10-22,187,148,M1e,8,7
2019.01,12210,K1w,Mitakeumi,Dewanoumi,Nagano,1992-12-25,179,149,S1e,7,8
2019.01,6473,M1e,Tochiozan,Kasugano,Kochi,1987-03-09,189,154,M2e,8,7
2019.01,12107,M1w,Ichinojo,Minato,Mongolia,1993-04-07,190,183,S1w,6,9
2019.01,6596,M2e,Nishikigi,Isenoumi,Iwate,1990-08-25,184.5,149.5,M3e,8,7
2019.01,12239,M2w,Hokutofuji,Hakkaku,Saitama,1992-07-15,182,158,M1w,7,8
2019.01,12130,M3e,Shodai,Tokitsukaze,Kumamoto,1991-11-05,182,150,M4e,8,7
2019.01,6614,M3w,Shohozan,Nishonoseki,Fukuoka,1984-02-09,177,134.5,M7w,10,5
2019.01,1226,M4e,Kotoshogiku,Sadogatake,Fukuoka,1984-01-30,180,177,M9e,10,5
2019.01,6463,M4w,Okinoumi,Hakkaku,Shimane,1985-07-29,190,154,M11w,11,4
2019.01,11786,M5e,Aoiyama,Kasugano,Bulgaria,1986-06-19,192,192.6,M12e,11,4
2019.01,5967,M5w,Yoshikaze,Oguruma,Oita,1982-03-19,175,140.3,M4w,7,8
2019.01,11934,M6e,Chiyotairyu,Kokonoe,Tokyo,1988-11-14,182,166.8,M5e,7,8
2019.01,12043,M6w,Onosho,Onomatsu,Aomori,1996-07-04,176,148.5,M13e,11,4
2019.01,6594,M7e,Ryuden,Takadagawa,Yamanashi,1990-11-10,192,145,M3w,6,9
2019.01,11985,M7w,Daieisho,Oitekaze,Saitama,1993-11-10,179,135.7,M9w,9,6
2019.01,6753,M8e,Kaisei,Tomozuna,Brazil,1986-12-18,195,187.8,K1w,3,9
2019.01,12291,M8w,Asanoyama,Takasago,Toyama,1994-03-01,189,158,M5w,6,9
2019.01,11724,M9e,Takanoiwa,Chiganoura,Mongolia,1990-02-26,181,145.5,M6e,6,9
2019.01,12055,M9w,Endo,Oitekaze,Ishikawa,1990-10-19,183,145.6,M12w,9,6
2019.01,11728,M10e,Takarafuji,Isegahama,Aomori,1987-02-18,186,161.1,M8w,7,8
2019.01,12094,M10w,Abi,Shikoroyama,Saitama,1994-05-04,185,121,M7e,6,9
2019.01,2879,M11e,Sadanoumi,Sakaigawa,Kumamoto,1987-05-11,184,131.2,M10e,7,8
2019.01,6491,M11w,Ikioi,Isenoumi,Osaka,1986-10-11,194,157,M8e,6,9
2019.01,11845,M12e,Kagayaki,Takadagawa,Ishikawa,1994-06-01,193,144.3,M6w,5,10
2019.01,11946,M12w,Meisei,Tatsunami,Kagoshima,1995-07-24,180,120,M15w,9,6
2019.01,12425,M13e,Yago,Oguruma,Hokkaido,1994-07-08,187,172,J1e,10,5
2019.01,9079,M13w,Kotoyuki,Sadogatake,Kagawa,1991-04-02,176,162.4,J3e,10,5
2019.01,12292,M14e,Yutakayama,Tokitsukaze,Niigata,1993-09-22,185,171,M10w,5,10
2019.01,11785,M14w,Chiyoshoma,Kokonoe,Mongolia,1991-07-20,183,118.2,M14e,7,8
2019.01,6642,M15e,Chiyonokuni,Kokonoe,Mie,1990-07-10,184,143.8,M11e,5,10
2019.01,7153,M15w,Kotoeko,Sadogatake,Miyazaki,1991-11-20,175.5,111.6,J1w,8,7
2019.01,12273,M16e,Daiamami,Oitekaze,Kagoshima,1992-12-15,185,167,M15e,7,8
2019.01,12144,M16w,Daishomaru,Oitekaze,Osaka,1991-07-10,175,153,M14w,6,9
2019.01,11868,J1e,Terutsuyoshi,Isegahama,Hyogo,1995-01-17,169,112,J5w,10,5
2019.01,12040,J1w,Daishoho,Oitekaze,Mongolia,1994-08-28,182,140,J2e,8,7
2019.01,12077,J2e,Takagenji,Chiganoura,Tochigi,1997-05-13,186,126.2,J4e,8,7
2019.01,11855,J2w,Takanosho,Chiganoura,Chiba,1994-11-14,181.5,128.5,M13w,4,11
2019.01,89,J3e,Aminishiki,Isegahama,Aomori,1978-10-03,186,152,J2w,7,8
2019.01,12051,J3w,Ishiura,Miyagino,Tottori,1990-01-10,173,103.6,J5e,8,7
2019.01,12427,J4e,Tomokaze,Oguruma,Kanagawa,1994-12-02,183,168,J14w,12,3
2019.01,11726,J4w,Tokushoryu,Kise,Nara,1986-08-22,182,170.6,J3w,7,8
2019.01,12370,J5e,Wakatakakage,Arashio,Fukushima,1994-12-06,180,115,J6w,8,7
2019.01,1227,J5w,Toyonoshima,Tokitsukaze,Kochi,1983-06-29,169,149.4,J13e,11,4
2019.01,11943,J6e,Hakuyozan,Takadagawa,Yamagata,1995-04-13,185,145.8,J7w,8,7
2019.01,7240,J6w,Chiyomaru,Kokonoe,Kagoshima,1991-04-17,178,176.3,M16w,4,11
2019.01,11723,J7e,Azumaryu,Tamanoi,Mongolia,1987-05-12,192,147.2,J10e,9,6
2019.01,8900,J7w,Akiseyama,Kise,Aichi,1985-07-18,183,172.6,J6e,7,8
2019.01,12412,J8e,Enho,Miyagino,Ishikawa,1994-10-18,169,95,J10w,9,6
2019.01,12026,J8w,Hidenoumi,Kise,Tokyo,1989-06-11,184,156.2,J4w,6,9
2019.01,8899,J9e,Kyokutaisei,Tomozuna,Hokkaido,1989-10-18,184,128.2,J7e,7,8
2019.01,12406,J9w,Mitoryu,Nishikido,Mongolia,1994-04-25,187,182,J12e,9,6
2019.01,2832,J10e,Arawashi,Minezaki,Mongolia,1986-08-21,184,122,M16e,1,12
2019.01,12203,J10w,Tobizaru,Oitekaze,Tokyo,1992-04-24,174,110,J11w,8,7
2019.01,12024,J11e,Shimanoumi,Kise,Mie,1989-07-11,178,160.8,J14e,9,6
2019.01,12113,J11w,Tsurugisho,Oitekaze,Tokyo,1991-07-27,184,154,J8w,6,9
2019.01,1284,J12e,Takekaze,Oguruma,Akita,1979-06-21,170,144,J9e,6,9
2019.01,4980,J12w,Sokokurai,Arashio,China,1984-01-09,185,131.6,Ms5e,7,0
2019.01,7239,J13e,Kyokushuho,Tomozuna,Mongolia,1988-08-09,191,149.6,J8e,5,10
2019.01,11971,J13w,Jokoryu,Kise,Tokyo,1988-08-07,187,162.4,J12w,7,8
2019.01,6572,J14e,Gagamaru,Kise,Georgia,1987-02-23,185,202.6,Ms1e,5,2
2019.01,12255,J14w,Chiyonoumi,Kokonoe,Kochi,1993-01-11,182,128,J11e,6,9
2019.01,11972,Ms1e,Daiseido,Kise,Aomori,1992-12-30,179.5,150,Ms1w,4,3
2019.01,12231,Ms1w,Kiribayama,Michinoku,Mongolia,1996-04-24,184,94,Ms12w,6,1
2019.01,11949,Ms2e,Kotodaigo,Sadogatake,Oita,1993-01-14,189,117,Ms7w,5,2
2019.01,12367,Ms2w,Ryuko,Onoe,Kumamoto,1998-06-23,180,126,Ms14e,6,1
2019.01,12076,Ms3e,Takanofuji,Chiganoura,Tochigi,1997-05-13,183,120,Ms10e,5,2
2019.01,11980,Ms3w,Wakamotoharu,Arashio,Fukushima,1993-10-05,185,127.2,Ms7e,4,3
2019.01,12015,Ms4e,Gokushindo,Nishikido,Hyogo,1996-06-06,179,133,J13w,4,11
2019.01,11918,Ms4w,Akua,Tatsunami,Ibaraki,1990-11-06,181,162.6,Ms8e,4,3
2019.01,11840,Ms5e,Chiyonoo,Kokonoe,Kagoshima,1991-05-29,178,149.6,J9w,2,13
2019.01,6467,Ms5w,Toyohibiki,Sakaigawa,Yamaguchi,1984-11-16,185,185.2,Ms2e,3,4
2019.01,6559,Ms6e,Seiro,Shikoroyama,Mongolia,1988-08-18,185,131.2,Ms8w,4,3
2019.01,7111,Ms6w,Irodori,Shikoroyama,Saitama,1992-03-10,179,131.2,Ms2w,3,4
2019.01,12075,Ms7e,Kaisho,Asakayama,Aichi,1995-01-28,177,120,Ms13w,5,2
2019.01,6034,Ms7w,Sagatsukasa,Irumagawa,Shizuoka,1981-12-21,166,134.4,Ms3w,3,4
2019.01,12141,Ms8e,Shiba,Kise,Tokyo,1991-12-24,176,159,Ms4e,3,4
2019.01,11809,Ms8w,Kotokuzan,Arashio,Kanagawa,1994-03-11,178,133.2,Ms11e,4,3
2019.01,12320,Ms9e,Churanoumi,Kise,Okinawa,1993-05-06,176,126,Ms5w,3,4
2019.01,9067,Ms9w,Akinohana,Takadagawa,Hiroshima,1992-11-30,180,141.3,Ms12e,4,3
2019.01,2851,Ms10e,Fujiazuma,Tamanoi,Tokyo,1987-04-19,182,183.6,Ms28w,6,1
2019.01,12342,Ms10w,Tsushimanada,Sakaigawa,Nagasaki,1993-06-27,184,104,Ms18e,5,2
2019.01,6607,Ms11e,Gochozan,Minezaki,Mongolia,1987-08-26,175,112.2,Ms18w,5,2
2019.01,2892,Ms11w,Ryusei,Kagamiyama,Tokyo,1986-07-17,181,120,Ms16e,4,3
2019.01,2929,Ms12e,Kagamio,Kagamiyama,Mongolia,1988-02-09,182,136,Ms4w,2,5
2019.01,6928,Ms12w,Chiyootori,Kokonoe,Kagoshima,1992-10-11,179,178.5,Ms21e,5,2
2019.01,11730,Ms13e,Nogami,Oguruma,Aomori,1990-08-15,176,125,Ms17e,4,3
2019.01,12351,Ms13w,Nishikifuji,Isegahama,Aomori,1996-07-22,180,134,Ms24w,5,2
2019.01,12270,Ms14e,Kotokamatani,Sadogatake,Chiba,1997-11-19,186,147,Ms9e,3,4
2019.01,8901,Ms14w,Kiseoka,Kise,Kagoshima,1985-09-25,170.2,168.7,Ms25e,5,2
2019.01,12117,Ms15e,Bushozan,Fujishima,Ibaraki,1995-12-06,170,160,Ms19e,4,3
2019.01,9077,Ms15w,Kizenryu,Kise,Kagawa,1985-04-30,194,149.3,Ms10w,3,4
2019.01,6013,Ms16e,Dewahayate,Dewanoumi,Aichi,1989-01-31,177,122.6,Ms22w,4,3
2019.01,9123,Ms16w,Tomisakae,Isegahama,Hyogo,1992-04-11,168,110,Ms6e,2,5
2019.01,9097,Ms17e,Kansei,Sakaigawa,Nagasaki,1989-08-25,183,173.7,Ms23w,4,3
2019.01,7121,Ms17w,Tokushinho,Kise,Mie,1984-05-13,194,214.1,Ms6w,2,5
2019.01,7156,Ms18e,Hokaho,Miyagino,Saitama,1989-06-21,185,137.3,Ms31e,5,2
2019.01,6437,Ms18w,Mugendai,Fujishima,Oita,1989-01-21,178,114.7,Ms25w,4,3
2019.01,12285,Ms19e,Tamaki,Takasago,Mie,1993-05-29,180,135,Ms3e,2,6
2019.01,12362,Ms19w,Ichiyamamoto,Nishonoseki,Hokkaido,1993-10-01,186,126,Ms26w,4,3
2019.01,12140,Ms20e,Takaryu,Kise,Ishikawa,1992-03-18,180,202,Ms48e,6,1
2019.01,12470,Ms20w,Kizakiumi,Kise,Okinawa,1995-05-05,174,146,Ms34e,5,2
2019.01,11936,Ms21e,Hamayutaka,Tokitsukaze,Kanagawa,1995-11-17,181.5,126.5,Ms27w,4,3
2019.01,12451,Ms21w,Hoshoryu,Tatsunami,Mongolia,1999-05-22,185,107,Ms49e,6,1
2019.01,6506,Ms22e,Kairyu,Dewanoumi,Wakayama,1990-03-01,178,133.5,Ms35w,5,2
2019.01,8154,Ms22w,Higonojo,Kise,Kumamoto,1984-11-05,180,135.1,Ms14w,3,4
2019.01,12114,Ms23e,Takakento,Chiganoura,Kumamoto,1996-02-10,177,135,Ms36e,5,2
2019.01,12226,Ms23w,Ura,Kise,Osaka,1992-06-22,172,113,Sd33e,7,0
2019.01,11736,Ms24e,Chiyosakae,Kokonoe,Kyoto,1990-07-12,178,140.7,Ms29w,4,3
2019.01,12068,Ms24w,Koba,Kise,Saga,1991-03-12,171,152.5,Ms37e,5,2
2019.01,1241,Ms25e,Kitaharima,Yamahibiki,Hyogo,1986-07-28,182,121,Ms30w,4,3
2019.01,12013,Ms25w,Nakazono,Nishonoseki,Kagoshima,1996-05-18,174,132.7,Ms16w,3,4
2019.01,7130,Ms26e,Kainoryu,Tomozuna,Kagawa,1991-09-03,179,117.5,Ms57w,6,1
2019.01,12352,Ms26w,Midorifuji,Isegahama,Shizuoka,1996-08-30,168,91,Ms32w,4,3
2019.01,2909,Ms27e,Sakigake,Shibatayama,Mongolia,1986-04-05,180,155.3,Ms41e,5,2
2019.01,11755,Ms27w,Tsurubayashi,Kise,Kumamoto,1993-12-31,178,136.3,Ms17w,3,4
2019.01,11743,Ms28e,Asakoki,Takasago,Hyogo,1990-12-19,186,116,Ms11w,2,5
2019.01,12162,Ms28w,Shonannoumi,Takadagawa,Kanagawa,1998-04-08,192,143,Ms33e,4,3
2019.01,6770,Ms29e,Tenkaiho,Onoe,Kumamoto,1984-10-14,184,189,Ms19w,3,4
2019.01,12296,Ms29w,Ikegawa,Hakkaku,Osaka,1993-06-02,192,162,Ms20w,3,4
2019.01,6531,Ms30e,Asahisho,Tomozuna,Chiba,1989-07-21,174,144.6,Ms45e,5,2
2019.01,6612,Ms30w,Aozora,Kasugano,Osaka,1983-08-26,180.5,127.5,Ms38w,4,3
2019.01,9066,Ms31e,Akinoyama,Takadagawa,Hiroshima,1992-11-30,177,192.8,Ms21w,3,4
2019.01,12105,Ms31w,Oki,Shikoroyama,Niigata,1996-06-12,182,153,Sd5w,6,1
2019.01,11764,Ms32e,Horyuyama,Tamanoi,Ishikawa,1986-08-24,185,167,Ms15e,2,5
2019.01,12029,Ms32w,Kaito,Asakayama,Niigata,1996-06-19,178,133.1,Ms15w,2,5
2019.01,12189,Ms33e,Shohoryu,Tokitsukaze,Akita,1996-10-12,170,112,Sd7e,6,1
2019.01,11976,Ms33w,Kyokusoten,Nakagawa,Mongolia,1993-03-06,188,100.3,Ms40e,4,3
2019.01,8903,Ms34e,Keitenkai,Onomatsu,Kagoshima,1990-03-10,175,116,Ms24e,3,4
2019.01,11950,Ms34w,Irie,Tamanoi,Fukuoka,1988-07-15,179,181.1,Ms50e,5,2
2019.01,12379,Ms35e,Tanabe,Kise,Gifu,1994-05-12,190,125,Ms43e,4,3
2019.01,7164,Ms35w,Kototsubasa,Sadogatake,Aichi,1992-02-23,174,105,Ms43w,4,3
2019.01,8904,Ms36e,Homarefuji,Isegahama,Aomori,1985-05-06,180,163.7,Ms13e,1,6
2019.01,12098,Ms36w,Musashikuni,Musashigawa,U.S.A.,1994-12-17,187,145,Ms53w,5,1
2019.01,7109,Ms37e,Chiyoarashi,Kokonoe,Chiba,1991-07-12,171,145,Ms26e,3,4
2019.01,12132,Ms37w,Tochiseiryu,Kasugano,Gifu,1995-04-26,173,121,Ms20e,2,5
2019.01,11975,Ms38e,Wakayama,Onomatsu,Chiba,1992-04-26,174,150.8,Ms46e,4,3
2019.01,6595,Ms38w,Okinofuji,Hakkaku,Shimane,1988-01-26,181,160.5,Ms27e,3,4
2019.01,12448,Ms39e,Tsukahara,Kasugano,Saitama,1999-10-12,190,141,Ms57e,5,2
2019.01,12192,Ms39w,Ohata,Tokitsukaze,Miyagi,1996-10-24,186,138,Ms47w,4,3
2019.01,11814,Ms40e,Wakatakamoto,Arashio,Fukushima,1991-12-29,182,101.2,Ms22e,2,5
2019.01,12309,Ms40w,Asahiryu,Asahiyama,Mongolia,1995-04-22,182,124,Ms23e,2,5
2019.01,6002,Ms41e,Ryuseio,Shibatayama,Kumamoto,1986-02-14,187,146.7,Sd1e,5,2
2019.01,6475,Ms41w,Masutoo,Chiganoura,Hungary,1986-01-23,187,168.2,Ms32e,3,4
2019.01,12083,Ms42e,Hokutokawa,Hakkaku,Hokkaido,1994-08-15,170,115.6,Ms33w,3,4
2019.01,12009,Ms42w,Sadanohana,Sakaigawa,Tokyo,1996-12-15,181,111.7,Ms51e,4,3
2019.01,11731,Ms43e,Obamaumi,Sakaigawa,Nagasaki,1990-08-10,177.5,129.4,Ms51w,4,3
2019.01,11759,Ms43w,Kotodairyu,Sadogatake,Fukuoka,1993-08-15,175,113.4,Sd4e,5,2
2019.01,6600,Ms44e,Tochihiryu,Kasugano,Shizuoka,1987-04-23,178,153.5,Ms35e,3,4
2019.01,6611,Ms44w,Hisanotora,Dewanoumi,Wakayama,1989-02-28,177,153.3,Ms36w,3,4
2019.01,6583,Ms45e,Daishoiwa,Oitekaze,Saitama,1990-10-29,181,134.4,Ms54e,4,3
2019.01,12373,Ms45w,Tochikodai,Kasugano,Shizuoka,1999-01-09,177,119,Ms37w,3,4
2019.01,5986,Ms46e,Genkaiho,Otake,Fukuoka,1988-04-15,175,142,Sd8w,5,2
2019.01,12131,Ms46w,Tamakongo,Kataonami,Ibaraki,1995-09-19,187,136,Ms55e,4,3
2019.01,7177,Ms47e,Ayanoumi,Yamahibiki,Saitama,1992-03-23,172,111,Ms30e,2,5
2019.01,2882,Ms47w,Nankairiki,Kise,Kochi,1987-10-16,176,136.4,Ms39e,3,4
2019.01,11984,Ms48e,Tennozan,Onomatsu,Osaka,1993-08-21,180,111,Ms56e,4,3
2019.01,12449,Ms48w,Kototebakari,Sadogatake,Chiba,1999-08-26,188,144,Sd10e,5,2
2019.01,6565,Ms49e,Daishoryu,Oitekaze,Osaka,1989-12-29,172,143.4,Ms31w,2,5
2019.01,2916,Ms49w,Kotokino,Sadogatake,Fukuoka,1987-06-04,187,182,Ms58e,4,3
2019.01,12333,Ms50e,Tokuda,Musashigawa,Kagoshima,2000-07-25,190,123,Sd34w,6,1
2019.01,6485,Ms50w,Yuki,Michinoku,Miyazaki,1989-09-07,179,121,Ms58w,4,3
2019.01,11822,Ms51e,Sasakiyama,Kise,Akita,1991-06-12,179.5,137,Ms42w,3,4
2019.01,12325,Ms51w,Takemasa,Onomatsu,Kochi,1993-10-22,170,112,Sd15e,5,2
2019.01,12372,Ms52e,Fukuyama,Fujishima,Kagoshima,1995-03-23,174,94,Ms44w,3,4
2019.01,12416,Ms52w,Kamito,Tatsunami,Nagasaki,1995-08-19,175,117,Sd3e,4,3
2019.01,11741,Ms53e,Tochinobori,Kasugano,Ishikawa,1993-09-01,181.5,123.7,Ms45w,3,4
2019.01,12014,Ms53w,Honda,Nishikido,Tokyo,1997-03-11,178,97.7,Ms46w,3,4
2019.01,11996,Ms54e,Hokutoshu,Hakkaku,Hiroshima,1994-01-14,182,113.6,Sd19w,5,2
2019.01,12347,Ms54w,Tsuyukusa,Otake,Kanagawa,1994-12-06,181,103,Sd20w,5,2
2019.01,2836,Ms55e,Katsunofuji,Sakaigawa,Aomori,1984-05-04,182.5,143,Sd6e,4,3
2019.01,11767,Ms55w,Oginosho,Dewanoumi,Osaka,1993-06-03,181,137.2,Sd6w,4,3
2019.01,12271,Ms56e,Yokoe,Musashigawa,Kanagawa,1996-09-11,180,112,Sd44e,6,1
2019.01,12357,Ms56w,Narutaki,Isenoumi,Kyoto,1998-11-13,175,120,Sd22e,5,2
2019.01,11925,Ms57e,Kirinofuji,Michinoku,Kagoshima,1994-07-28,186,119.3,Sd8e,4,3
2019.01,12019,Ms57w,Kotoryusei,Sadogatake,Saga,1996-06-29,168,88.3,Sd47e,6,1
2019.01,1046,Ms58e,Asatenmai,Takasago,Miyagi,1981-05-23,171,118.2,Sd47w,6,1
2019.01,12021,Ms58w,Ginseizan,Otake,Nagano,1993-04-06,175,90.7,Sd23e,5,2
2019.01,300,Ms59e,Dairaido,Takadagawa,Fukuoka,1980-04-17,176.5,153.3,Ms38e,2,5
2019.01,11861,Ms59w,Itadaki,Isenoumi,Tokyo,1994-09-05,188,113.7,Sd9e,4,3
2019.01,11829,Ms60e,Aomihama,Dewanoumi,Kanagawa,1994-10-27,177,136.6,Ms28e,1,6
2019.01,12453,Ms60w,Naya,Otake,Tokyo,2000-02-14,188,166,Sd11w,4,3
2019.01,6514,Sd1e,Byakko,Azumazeki,Hyogo,1989-07-11,187.5,134.4,Ms29e,1,6
2019.01,1266,Sd1w,Nionoumi,Yamahibiki,Shiga,1986-12-16,174,146.5,Ms39w,2,5
2019.01,6472,Sd2e,Terao,Shikoroyama,Hiroshima,1986-09-29,191,152.4,Ms48w,3,4
2019.01,11768,Sd2w,Mitotsukasa,Irumagawa,Ibaraki,1987-09-11,176,170.3,Ms40w,2,5
2019.01,12335,Sd3e,Kurahashi,Asakayama,Aichi,1997-05-14,170,117,Sd29e,5,2
2019.01,11939,Sd3w,Amanoshima,Hakkaku,Shimane,1992-10-30,180,121.2,Ms50w,3,4
2019.01,12064,Sd4e,Chiyonokatsu,Kokonoe,Okinawa,1994-04-13,178,117,Ms41w,2,5
2019.01,12088,Sd4w,Kirinoryu,Michinoku,Kagoshima,1997-06-13,181,132,Sd30e,5,2
2019.01,12220,Sd5e,Kaiyudai,Asakayama,Kanagawa,1999-07-06,187,155,Sd16e,4,3
2019.01,12314,Sd5w,Hiradoumi,Sakaigawa,Nagasaki,2000-04-20,176,95,Sd16w,4,3
2019.01,5964,Sd6e,Hitachigo,Fujishima,Ibaraki,1985-06-17,183,144.7,Ms52e,3,4
2019.01,12061,Sd6w,Matsuda,Minezaki,Nagano,1994-09-19,179,91.4,Sd17e,4,3
2019.01,6654,Sd7e,Masunoyama,Chiganoura,Chiba,1990-11-01,180,174,Sd18e,4,3
2019.01,6646,Sd7w,Higoarashi,Kise,Kumamoto,1989-08-20,182,168.4,Ms53e,3,4
2019.01,12282,Sd8e,Ichiki,Tamanoi,Saga,1993-11-13,172,105,Ms44e,2,5
2019.01,11942,Sd8w,Onojo,Takadagawa,Fukuoka,1996-01-31,182,125.1,Sd35e,5,2
2019.01,5999,Sd9e,Karatsuumi,Tamanoi,Saga,1988-08-03,182,180.2,Ms34w,1,6
2019.01,9098,Sd9w,Sadanosato,Sakaigawa,Nagasaki,1993-01-07,175,127,Sd19e,4,3
2019.01,11965,Sd10e,Tochimaru,Kasugano,Tokyo,1992-08-26,170,155,Sd36e,5,2
2019.01,6647,Sd10w,Oazuma,Tamanoi,Fukushima,1990-05-10,197,151.5,Ms55w,3,4
2019.01,12475,Sd11e,Kawamoto,Kasugano,Kyoto,1995-04-04,180,127,Sd66w,6,1
2019.01,986,Sd11w,Soranoumi,Minezaki,Korea,1983-09-07,173,146.6,Sd67e,6,1
2019.01,12155,Sd12e,Kitadaichi,Tatsunami,Hokkaido,1998-07-08,170,107,Sd22w,4,3
2019.01,11916,Sd12w,Ikeru,Onomatsu,Kagoshima,1992-11-26,174,101.2,Ms49w,2,5
2019.01,12300,Sd13e,Satoyama,Hakkaku,Fukushima,2000-07-24,179,116,Ms59w,3,4
2019.01,12002,Sd13w,Kotorikisen,Sadogatake,Iwate,1994-01-28,178,105.5,Ms60w,3,4
2019.01,11990,Sd14e,Fujita,Shikoroyama,Kanagawa,1996-05-11,191,132.2,Ms52w,2,5
2019.01,12139,Sd14w,Shuji,Kise,Nara,1995-10-24,174,128,Sd24e,4,3
2019.01,7127,Sd15e,Asabenkei,Takasago,Kanagawa,1989-02-12,190,174.8,Sd25w,4,3
2019.01,9075,Sd15w,Komakiryu,Kise,Aichi,1985-05-11,179,149.3,Sd1w,3,4
2019.01,11862,Sd16e,Fukamiyama,Onoe,Kumamoto,1994-11-12,178,154,Sd26w,4,3
2019.01,6588,Sd16w,Komanokuni,Shibatayama,Kanagawa,1990-06-29,177,207.8,Sd2w,3,4
2019.01,11989,Sd17e,Yamaguchi,Miyagino,Fukuoka,1989-05-13,183,155.6,Ms56w,2,5
2019.01,12319,Sd17w,Kotoinagaki,Sadogatake,Nara,1994-05-14,179,127,Ms47e,1,6
2019.01,7151,Sd18e,Kotofukujuno,Sadogatake,Yamagata,1991-12-14,185.5,141,Sd46e,5,2
2019.01,12435,Sd18w,Maikeru,Futagoyama,Fukui,1998-07-15,176,123,Sd4w,3,4
2019.01,12087,Sd19e,Yutakasho,Sakaigawa,Kagoshima,1994-11-19,175,119,Sd32e,4,3
2019.01,12046,Sd19w,Kaiho,Tomozuna,Hyogo,1995-03-10,169,154,Sd5e,3,4
2019.01,11837,Sd20e,Azumasho,Tamanoi,Fukushima,1991-11-19,174,152,Sd32w,4,3
2019.01,12041,Sd20w,Saidaiji,Irumagawa,Okayama,1994-06-09,180,182,Ms59e,2,5
2019.01,1052,Sd21e,Kihonoumi,Dewanoumi,Niigata,1984-06-04,182,148.4,Sd12e,3,4
2019.01,12250,Sd21w,Asakishin,Takasago,Hyogo,1992-09-29,182,129,Sd2e,2,5
2019.01,6521,Sd22e,Wakanofuji,Nishonoseki,Aichi,1989-07-24,178.5,136.2,Sd13e,3,4
2019.01,12263,Sd22w,Mitsuuchi,Onomatsu,Kochi,1996-05-11,180,140,Jd15e,7,0
2019.01,12199,Sd23e,Omoto,Irumagawa,Okayama,1992-11-23,177,143,Ms42e,0,0
2019.01,11923,Sd23w,Rao,Tatsunami,Saitama,1993-03-30,173,125,Sd49e,5,2
2019.01,12227,Sd24e,Inoue,Kise,Kumamoto,1999-08-17,177,125,Sd13w,3,4
2019.01,12355,Sd24w,Hikarifuji,Isegahama,Gunma,1999-01-26,173,120,Sd81w,6,1
2019.01,9106,Sd25e,Mitozakura,Azumazeki,Nagasaki,1992-04-16,179.5,136,Sd36w,4,3
2019.01,9061,Sd25w,Aoi,Shikoroyama,Aichi,1992-04-02,181,141,Sd37e,4,3
2019.01,9119,Sd26e,Azumasato,Tamanoi,Tokyo,1992-05-22,171.5,123.5,Ms54w,1,6
2019.01,11826,Sd26w,Goryu,Kise,Mie,1989-11-28,179,153.3,Sd14w,3,4
2019.01,12346,Sd27e,Chiyodaigo,Kokonoe,Hyogo,1998-02-28,184,129,Sd53w,5,2
2019.01,12044,Sd27w,Munakata,Fujishima,Fukuoka,1994-08-04,177,115.7,Sd7w,2,5
2019.01,7116,Sd28e,Daijo,Takadagawa,Fukuoka,1991-07-19,180,126.6,Sd38w,4,3
2019.01,6020,Sd28w,Denzan,Otake,Yamaguchi,1988-06-08,174,158,Sd17w,3,4
2019.01,1053,Sd29e,Kasugakuni,Nakagawa,Miyazaki,1981-10-30,182,161,Sd39w,4,3
2019.01,12275,Sd29w,Wagurayama,Musashigawa,Iwate,1997-12-19,185,116,Sd18w,3,4
2019.01,12430,Sd30e,Torakio,Naruto,Bulgaria,1996-12-15,191,125,Sd40w,4,3
2019.01,12092,Sd30w,Taichiyama,Chiganoura,Osaka,1997-04-21,173,158.8,Sd54e,5,2
2019.01,12279,Sd31e,Kaizen,Asakayama,Kagoshima,1993-07-29,175,131,Sd11e,2,5
2019.01,12080,Sd31w,Kotonoumi,Sadogatake,Tokyo,1997-07-25,177,122,Sd42w,4,3
2019.01,7171,Sd32e,Dewaazuma,Dewanoumi,Tokyo,1991-12-12,172,124,Sd21e,3,4
2019.01,11977,Sd32w,Hokutohomare,Hakkaku,Fukushima,1994-01-17,168,105.5,Sd55e,5,2
2019.01,335,Sd33e,Shoketsu,Shibatayama,Shizuoka,1976-09-05,184,159.5,Sd43w,4,3
2019.01,11857,Sd33w,Kotonoshu,Sadogatake,Ehime,1994-07-01,185.5,167,Sd14e,2,5
2019.01,6538,Sd34e,Shosei,Sakaigawa,Kagoshima,1986-05-27,167,130.2,Sd15w,2,5
2019.01,927,Sd34w,Kotootori,Sadogatake,Shimane,1983-05-27,177,127.6,Sd45e,4,3
2019.01,1054,Sd35e,Hitenryu,Tatsunami,Fukuoka,1984-06-16,188,162.5,Sd26e,3,4
2019.01,12007,Sd35w,Dewanojo,Dewanoumi,Tochigi,1993-12-14,190,192.3,Sd59e,5,2
2019.01,12436,Sd36e,Yoshoyama,Tokitsukaze,Mongolia,1998-09-01,185,120,Sd49w,4,3
2019.01,12110,Sd36w,Kiritsubasa,Michinoku,Kagoshima,1998-03-31,173,67,Sd51w,4,3
2019.01,12272,Sd37e,Nakashima,Musashigawa,Oita,1998-09-20,177,182,Sd96w,6,1
2019.01,12506,Sd37w,Tsushida,Tokitsukaze,Iwate,1999-04-08,180,128,Sd52e,4,3
2019.01,12316,Sd38e,Kotoozutsu,Sadogatake,Miyazaki,1997-04-25,174,142,Sd61e,5,2
2019.01,12358,Sd38w,Fukunofuji,Isegahama,Hokkaido,1998-07-20,184,141,Sd98w,6,1
2019.01,11818,Sd39e,Koshinishiki,Tatsunami,Niigata,1991-09-04,182,139.1,Sd28e,3,4
2019.01,12166,Sd39w,Sadanohikari,Sakaigawa,Mongolia,1995-12-31,187,105,Sd56e,4,3
2019.01,12497,Sd40e,Fukazawa,Yamahibiki,Osaka,1999-10-06,181,156,Sd64e,5,2
2019.01,12059,Sd40w,Daishozen,Oitekaze,Kagawa,1997-10-17,170,114,Sd57e,4,3
2019.01,11953,Sd41e,Minatoryu,Minato,Saitama,1993-03-03,188,129.6,Sd64w,5,2
2019.01,550,Sd41w,Musashiumi,Fujishima,Ehime,1981-04-26,182,138.8,Sd60w,4,3
2019.01,12236,Sd42e,Oyamatoumi,Yamahibiki,Saitama,1999-06-25,176,105,Sd30w,3,4
2019.01,12005,Sd42w,Haruminato,Minato,Gunma,1997-01-12,176,104.6,Sd70w,5,2
2019.01,6533,Sd43e,Saio,Nishikido,Saitama,1989-05-16,173.5,98.4,Sd21w,2,5
2019.01,9076,Sd43w,Sasayama,Kise,Aomori,1990-01-14,177.5,135,Sd9w,1,6
2019.01,11758,Sd44e,Awajiumi,Tagonoura,Hyogo,1993-08-25,176,83.6,Sd72w,5,2
2019.01,6618,Sd44w,Chiyoraizan,Kokonoe,Wakayama,1987-06-21,189,153.1,Sd31e,3,4
2019.01,12137,Sd45e,Kaiseijo,Asakayama,Aichi,1998-07-02,175,86,Sd61w,4,3
2019.01,12393,Sd45w,Seigo,Shikoroyama,Osaka,1998-12-25,175,151,Sd23w,2,5
2019.01,4981,Sd46e,Ishida,Onoe,Tokyo,1985-05-07,170,104,Sd74w,5,2
2019.01,11922,Sd46w,Daishomune,Oitekaze,Kagawa,1992-07-08,177,110,Sd63e,4,3
2019.01,12338,Sd47e,Sakaekaze,Oguruma,Okayama,1993-09-28,181,150,Sd33w,3,4
2019.01,6578,Sd47w,Teraoumi,Shikoroyama,Hiroshima,1987-08-07,186,123.6,Sd76e,5,2
2019.01,12241,Sd48e,Akitoba,Minato,Aichi,1999-08-02,171,99,Jd8e,6,1
2019.01,12086,Sd48w,Okinohama,Hakkaku,Shimane,1997-06-25,180,143.4,Sd25e,2,4
2019.01,11847,Sd49e,Fujitaisei,Fujishima,Aichi,1994-05-31,186,122.2,Sd83e,5,2
2019.01,12047,Sd49w,Kotoseigo,Sadogatake,Fukuoka,1994-08-17,183,131,Sd27e,2,5
2019.01,12052,Sd50e,Baraki,Shikihide,Saitama,1994-05-10,164,109.7,Sd68e,4,3
2019.01,11873,Sd50w,Kototora,Sadogatake,Fukuoka,1994-10-22,168,107.5,Sd37w,3,4
2019.01,12389,Sd51e,Yamato,Dewanoumi,Gifu,2001-07-03,176,98,Jd12e,6,1
2019.01,2919,Sd51w,Daishowaka,Oitekaze,Shizuoka,1986-11-21,190,146,Sd68w,4,3
2019.01,11859,Sd52e,Kotohayato,Sadogatake,Fukuoka,1994-04-18,174,125.3,Sd85w,5,2
2019.01,11966,Sd52w,Ariake,Isenoumi,Saga,1995-07-30,173.5,116.5,Sd71e,4,3
2019.01,12169,Sd53e,Onokura,Miyagino,Fukuoka,1998-06-09,170,111,Sd39e,3,4
2019.01,12254,Sd53w,Miyazaki,Tokitsukaze,Kochi,1997-02-25,169,154,Sd20e,1,6
2019.01,1062,Sd54e,Hagane,Izutsu,Aichi,1981-08-29,178,143.1,Sd86e,5,2
2019.01,1190,Sd54w,Kaonishiki,Azumazeki,Akita,1978-09-14,179,162.8,Sd3w,0,7
2019.01,12158,Sd55e,Tagonofuji,Tagonoura,Hyogo,1995-12-11,183,103,Sd41w,3,4
2019.01,9104,Sd55w,Takatenshu,Chiganoura,Saitama,1992-09-23,186,214.5,Sd73e,4,3
2019.01,12175,Sd56e,Takiguchi,Onomatsu,Chiba,1995-06-13,170,134,Sd42e,3,4
2019.01,6029,Sd56w,Hokutotsuru,Hakkaku,Yamagata,1988-06-03,177,137,Sd88e,5,2
2019.01,12119,Sd57e,Miyauchi,Onoe,Kumamoto,1995-07-22,171,157,Sd75e,4,3
2019.01,11744,Sd57w,Hokuyozan,Tatsunami,Hokkaido,1993-11-26,177,119.5,Sd43e,3,4
2019.01,7168,Sd58e,Kainishiki,Tomozuna,Fukuoka,1992-02-26,175,117.2,Sd76w,4,3
2019.01,12223,Sd58w,Tokiryu,Isenoumi,Nagasaki,1999-10-15,171,111,Sd91e,5,2
2019.01,12261,Sd59e,Asadaimon,Takasago,Saitama,1995-02-14,180,115,Sd34e,2,5
2019.01,11871,Sd59w,Okinoiwa,Hakkaku,Shimane,1991-05-17,174,115.4,Sd35w,2,5
2019.01,12195,Sd60e,Kiyonoumi,Tamanoi,Nagano,1996-08-21,180,171,Sd45w,3,4
2019.01,11888,Sd60w,Hikarugenji,Minezaki,Osaka,1992-12-26,180,75.5,Sd77w,4,3
2019.01,12432,Sd61e,Shoji,Musashigawa,Akita,1994-08-25,190,135,Sd24w,1,6
2019.01,12225,Sd61w,Sazanami,Isenoumi,Iwate,2000-01-31,177,93,Sd78w,4,3
2019.01,12284,Sd62e,Izumigawa,Minezaki,Kyoto,1997-05-12,180,102,Sd79e,4,3
2019.01,12456,Sd62w,Sakabayashi,Onoe,Toyama,1999-11-28,175,124,Sd98e,5,2
2019.01,12252,Sd63e,Saionji,Shikihide,Osaka,1994-05-26,170,119,Sd38e,2,5
2019.01,12050,Sd63w,Yoshikasuga,Nakagawa,Kanagawa,1994-04-04,177,119.2,Sd48e,3,4
2019.01,12078,Sd64e,Tsunekawa,Arashio,Toyama,1994-10-17,180,135,Sd81e,4,3
2019.01,6530,Sd64w,Haruhikari,Nakagawa,Tochigi,1986-07-16,168,128.8,Sd82w,4,3
2019.01,11948,Sd65e,Kotozensho,Sadogatake,Tokyo,1995-08-05,179,82.5,Sd40e,2,5
2019.01,6628,Sd65w,Wakahizen,Minezaki,Nagasaki,1990-12-22,171,121.3,Sd83w,4,3
2019.01,6009,Sd66e,Sadanokuni,Sakaigawa,Nagasaki,1988-04-02,183,114.3,Jd1e,5,2
2019.01,12211,Sd66w,Amatsukasa,Irumagawa,Aichi,1999-09-14,185,150,Sd50e,3,4
2019.01,11760,Sd67e,Kototaiki,Sadogatake,Chiba,1993-08-18,174.5,125.3,Jd1w,5,2
2019.01,11869,Sd67w,Tochihayate,Kasugano,Tokyo,1991-10-28,168,147,Sd50w,3,4
2019.01,12063,Sd68e,Tochisato,Kasugano,Tokyo,1994-04-28,172,158,Jd31e,6,1
2019.01,12414,Sd68w,Chura,Miyagino,Okinawa,2001-04-10,173,100,Jd31w,6,1
2019.01,296,Sd69e,Yoshiazuma,Tamanoi,Kumamoto,1977-05-26,198,169,Sd51e,3,4
2019.01,12276,Sd69w,Kaishu,Musashigawa,Tokyo,1997-09-30,178,82,Sd31w,1,6
2019.01,12100,Sd70e,Amanishiki,Hakkaku,Shimane,1991-01-01,178,81,Sd89w,4,3
2019.01,12294,Sd70w,Asashinjo,Takasago,Aichi,1998-02-12,170,106,Sd90e,4,3
2019.01,12260,Sd71e,Aratora,Isenoumi,Osaka,1992-06-27,180,125,Sd52w,3,4
2019.01,11988,Sd71w,Tatsukaze,Oguruma,Akita,1993-11-16,183,103,Sd44w,2,5
2019.01,5932,Sd72e,Tochiminato,Kasugano,Shizuoka,1987-07-17,191,146.3,Sd46w,2,5
2019.01,523,Sd72w,Gorikiyama,Takadagawa,Aichi,1979-03-21,180.5,128.5,Sd56w,3,4
2019.01,9087,Sd73e,Kanryu,Arashio,Tochigi,1992-04-18,177.5,99.5,Sd57w,3,4
2019.01,12369,Sd73w,Murata,Takasago,Mie,1994-08-08,181,160,Sd12w,0,0
2019.01,12148,Sd74e,Surugafuji,Azumazeki,Shizuoka,1999-03-20,171,99,Sd92e,4,3
2019.01,12201,Sd74w,Ryutsukasa,Irumagawa,Shizuoka,1997-02-13,168,134,Sd48w,2,5
2019.01,11994,Sd75e,Hokutoshin,Hakkaku,Kyoto,1993-07-29,178,151.5,Sd59w,3,4
2019.01,11992,Sd75w,Oisato,Minezaki,Kyoto,1996-05-09,174,134,Jd10e,5,2
2019.01,7124,Sd76e,Kayatoiwa,Minato,Gunma,1991-07-13,175,103.5,Sd60e,3,4
2019.01,1010,Sd76w,Asanotosa,Takasago,Kochi,1981-11-10,174.5,169.2,Sd94e,4,3
2019.01,12429,Sd77e,Tokimaru,Miyagino,Tottori,1998-04-23,174,124,Sd95w,4,3
2019.01,6613,Sd77w,Kotomyozan,Sadogatake,Kagoshima,1991-01-22,176,163.5,Sd62e,3,4
2019.01,5954,Sd78e,Asanojo,Takasago,Kochi,1986-09-03,174.5,114.3,Sd62w,3,4
2019.01,9086,Sd78w,Mutsukaze,Oguruma,Aomori,1992-07-02,174.6,140.5,Sd53e,2,5
2019.01,11958,Sd79e,Hibikiryu,Sakaigawa,Yamaguchi,1993-03-17,178,138.7,Sd41e,1,6
2019.01,12074,Sd79w,Takei,Tamanoi,Chiba,1998-01-07,180,128.5,Sd97e,4,3
2019.01,1408,Sd80e,Daishokaku,Oitekaze,Osaka,1984-03-10,184,145,Sd63w,3,4
2019.01,12209,Sd80w,Kenshin,Sakaigawa,Niigata,1996-04-04,173,124,Sd54w,2,5
2019.01,12071,Sd81e,Sekizuka,Tagonoura,Aichi,1997-04-21,178,93.7,Jd46e,6,1
2019.01,7160,Sd81w,Ebisumaru,Takadagawa,Hyogo,1991-05-31,177,121.5,Sd55w,2,5
2019.01,12299,Sd82e,Miyazakiyama,Hakkaku,Hokkaido,1998-01-03,180,97,Sd67w,3,4
2019.01,12164,Sd82w,Kaishinmaru,Asakayama,Osaka,1998-09-14,169,107,Sd100e,4,3
2019.01,12515,Sd83e,Tanakayama,Sakaigawa,Niigata,2002-01-24,183,120,Jd16w,5,2
2019.01,12465,Sd83w,Daishosei,Oitekaze,Kumamoto,1999-11-22,171,116,Sd70e,3,4
2019.01,12387,Sd84e,Kotourasaki,Sadogatake,Mie,2001-10-27,175,67,Jd89w,7,0
2019.01,12468,Sd84w,Kotakiyama,Futagoyama,Tochigi,2003-01-09,183,130,Sd71w,3,4
2019.01,7169,Sd85e,Shobushi,Takadagawa,Yamanashi,1991-11-04,166,111.2,Sd72e,3,4
2019.01,5978,Sd85w,Takamiryu,Azumazeki,Niigata,1986-01-06,184,169.8,Jd2e,4,3
2019.01,12152,Sd86e,Ishiazuma,Tamanoi,Miyagi,1998-11-08,166,102,Jd3e,4,3
2019.01,12384,Sd86w,Kotosato,Sadogatake,Yamagata,2002-01-24,175,105,Jd18e,5,2
2019.01,870,Sd87e,Maenofuji,Takadagawa,Chiba,1982-08-07,177.8,130.7,Jd18w,5,2
2019.01,12337,Sd87w,Fujisato,Fujishima,Gifu,1995-02-20,182,105,Jd3w,4,3
2019.01,12274,Sd88e,Miyanofuji,Irumagawa,Shizuoka,1997-07-28,174,150,Sd65e,2,5
2019.01,11927,Sd88w,Terunofuji,Isegahama,Mongolia,1991-11-29,192,158.5,Sd27w,0,0
2019.01,12103,Sd89e,Wakasenryu,Nishonoseki,Hokkaido,1996-12-26,177,133.7,Sd65w,2,5
2019.01,6570,Sd89w,Fukugoriki,Arashio,Fukushima,1988-03-02,181,150,Sd28w,0,0
2019.01,1055,Sd90e,Kasugamine,Nakagawa,Osaka,1984-10-27,184.6,175.4,Sd66e,2,5
2019.01,7143,Sd90w,Amakaze,Oguruma,Kagawa,1991-07-07,184,200.5,Sd29w,0,0
2019.01,12323,Sd91e,Takabayama,Onoe,Yamagata,2000-10-02,172,78,Jd20w,5,2
2019.01,12134,Sd91w,Tochimitsuru,Kasugano,Tokyo,1995-06-08,170,115,Jd6e,4,3
2019.01,12382,Sd92e,Kotoharamoto,Sadogatake,Chiba,2001-09-05,180,143,Jd6w,4,3
2019.01,2881,Sd92w,Hatachijo,Yamahibiki,Miyazaki,1985-03-19,183,146.3,Jd58w,6,1
2019.01,9092,Sd93e,Sumanoumi,Takadagawa,Hyogo,1992-10-07,177,123.1,Jd24e,5,2
2019.01,11935,Sd93w,Kenho,Tokitsukaze,Miyagi,1989-02-10,180,231.5,Jd60w,6,1
2019.01,11924,Sd94e,Mienosato,Kasugano,Mie,1992-09-23,187,119.6,Jd7w,4,3
2019.01,493,Sd94w,Toho,Otake,Hyogo,1980-08-27,182,121,Jd27e,5,2
2019.01,12058,Sd95e,Daishoki,Oitekaze,Hyogo,1997-05-05,180,124.2,Sd58e,1,6
2019.01,2904,Sd95w,Kaorufuji,Kasugano,Shizuoka,1988-02-28,175,179.2,Sd58w,1,6
2019.01,11981,Sd96e,Hidano,Arashio,Toyama,1990-09-14,177,125.3,Jd9e,4,3
2019.01,12171,Sd96w,Kenyu,Miyagino,Yamanashi,1999-02-05,178,107,Sd77e,3,4
2019.01,11886,Sd97e,Fujinowaka,Fujishima,Tokyo,1994-09-27,173,130,Sd78e,3,4
2019.01,497,Sd97w,Koshinoryu,Fujishima,Fukui,1979-05-17,179,168.2,Sd69e,2,5
2019.01,12431,Sd98e,Sumidagawa,Naruto,Tokyo,1998-11-04,188,188,Jd11w,4,3
2019.01,1209,Sd98w,Kasugaryu,Nakagawa,Kanagawa,1984-06-03,168,107,Jd33w,5,2
2019.01,946,Sd99e,Kirizakura,Michinoku,Kagoshima,1983-05-26,176,82.6,Jd68w,6,1
2019.01,12235,Sd99w,Hao,Shikihide,Ehime,1997-01-12,175,94,Jd13w,4,3
2019.01,12109,Sd100e,Shinyashiki,Otake,Saitama,1998-01-31,169,72,Jd17w,4,3
2019.01,12491,Sd100w,Anzai,Naruto,Tokyo,2002-08-06,176,114,Jd19e,4,3
2019.01,9078,Jd1e,Ako,Onomatsu,Chiba,1993-02-14,180,119.3,Sd80e,3,4
2019.01,11727,Jd1w,Amatsu,Onomatsu,Osaka,1990-04-03,180,136.4,Sd80w,3,4
2019.01,7167,Jd2e,Hamadayama,Shibatayama,Tokyo,1991-12-02,171,104.2,Sd73w,2,5
2019.01,7163,Jd2w,Yoshimura,Dewanoumi,Aichi,1991-05-23,168,85.5,Jd39e,5,2
2019.01,12374,Jd3e,Asakura,Tokitsukaze,Chiba,1998-06-27,172,162,Sd84w,3,4
2019.01,12455,Jd3w,Tanahashi,Musashigawa,Miyazaki,1999-05-23,176,98,Sd85e,3,4
2019.01,12476,Jd4e,Wakanakatani,Nishiiwa,Fukuoka,2000-04-03,179,121,Jd21e,4,3
2019.01,12221,Jd4w,Asakoga,Takasago,Osaka,1993-02-20,172,137,Sd75w,2,5
2019.01,12481,Jd5e,Kotokume,Sadogatake,Yamagata,2003-01-17,182,134,Jd40w,5,2
2019.01,12454,Jd5w,Kotokonno,Sadogatake,Hokkaido,2000-01-04,179,126,Jd41e,5,2
2019.01,12310,Jd6e,Furanshisu,Shikihide,Phillipines,1998-08-04,173,103,Jd25e,4,3
2019.01,12344,Jd6w,Mochizuki,Otake,Yamanashi,1996-03-08,173,91,Sd87w,3,4
2019.01,12317,Jd7e,Kotootomo,Sadogatake,Nagano,1998-02-13,186,123,Jd42e,5,2
2019.01,12027,Jd7w,Mihamaumi,Tamanoi,Chiba,1996-11-29,170,101.3,Sd89e,3,4
2019.01,12399,Jd8e,Akashiryu,Tagonoura,Hyogo,1998-06-04,183,111,Jd27w,4,3
2019.01,12042,Jd8w,Tatsunoumi,Yamahibiki,Hyogo,1990-11-15,168,102,Jd81w,6,1
2019.01,12085,Jd9e,Fujinotani,Hakkaku,Hiroshima,1997-08-07,165,88.3,Jd28w,4,3
2019.01,6772,Jd9w,Akatsuki,Takadagawa,Kanagawa,1989-05-24,178.5,144.6,Jd44w,5,2
2019.01,12462,Jd10e,Taketsukasa,Irumagawa,Okayama,2000-01-01,176,124,Sd93e,3,4
2019.01,12230,Jd10w,Dewanosora,Dewanoumi,Nagasaki,1999-07-03,176,125,Jd30e,4,3
2019.01,12206,Jd11e,Dainichido,Michinoku,Tochigi,1993-02-19,176,85,Sd87e,2,5
2019.01,11959,Jd11w,Wakayamanaka,Nishonoseki,Fukuoka,1996-01-08,175,128.1,Sd95e,3,4
2019.01,12305,Jd12e,Reon,Shikihide,Chiba,1999-08-02,171,149,Jd33e,4,3
2019.01,6591,Jd12w,Kakutaiki,Izutsu,Kumamoto,1990-10-08,174,141.8,Sd97w,3,4
2019.01,12488,Jd13e,Kojima,Asakayama,Kagoshima,2002-09-11,180,125,Jd53e,5,2
2019.01,12340,Jd13w,Ezuka,Shikihide,Shizuoka,2000-02-02,169,70,Jd35e,4,3
2019.01,11955,Jd14e,Takataisho,Chiganoura,Tokyo,1995-06-15,174,118.5,Sd79w,1,6
2019.01,11983,Jd14w,Miyakomotoharu,Minezaki,Osaka,1989-10-19,187,82.5,Jd36e,4,3
2019.01,12016,Jd15e,Kotomanabe,Sadogatake,Aichi,1996-07-16,174,92.5,Jd55e,5,2
2019.01,11842,Jd15w,Fujihisashi,Azumazeki,Aichi,1994-10-13,176,117.7,Sd99e,3,4
2019.01,11761,Jd16e,Kotorikuzan,Sadogatake,Akita,1993-12-10,174.5,174.5,Sd90w,2,5
2019.01,2901,Jd16w,Kiryu,Miyagino,Yamanashi,1987-06-09,177.5,159.9,Jd38e,4,3
2019.01,11974,Jd17e,Sakaefuji,Sakaigawa,Tokyo,1992-08-14,182.5,196.4,Sd99w,3,4
2019.01,12321,Jd17w,Hatooka,Kise,Kanagawa,1994-02-23,184,145,Jk23w,7,0
2019.01,12151,Jd18e,Tokiryu,Tamanoi,Aichi,1998-06-25,173,116,Sd100w,3,4
2019.01,12480,Jd18w,Kotoito,Sadogatake,Akita,2002-10-01,174,108,Jd39w,4,3
2019.01,6520,Jd19e,Ishihara,Nishonoseki,Kagoshima,1989-10-26,178.5,141.6,Jd95w,6,1
2019.01,9112,Jd19w,Wakakoki,Shikoroyama,Gunma,1992-09-14,174,119.5,Sd91w,2,5
2019.01,6574,Jd20e,Amamidake,Yamahibiki,Kagoshima,1984-11-29,178,155.5,Jd43e,4,3
2019.01,12196,Jd20w,Iko,Tamanoi,Tokyo,1998-02-27,175,104,Jd59w,5,2
2019.01,12479,Jd21e,Chiyooga,Kokonoe,Osaka,2000-01-19,172,108,Sd92w,2,5
2019.01,12463,Jd21w,Mimori,Irumagawa,Shizuoka,2000-01-19,173,107,Jd62e,5,2
2019.01,12118,Jd22e,Harimanada,Onoe,Hyogo,1996-03-11,170,102,Jd62w,5,2
2019.01,12418,Jd22w,Taranami,Tatsunami,Nagasaki,2002-02-19,177,132,Jd46w,4,3
2019.01,12336,Jd23e,Kaiyuma,Asakayama,Tokyo,2000-04-26,171,148,Jd63w,5,2
2019.01,5980,Jd23w,Tsubakifuji,Isegahama,Gifu,1989-01-11,174,129.5,Jd49w,4,3
2019.01,6602,Jd24e,Kiriarashi,Michinoku,Ibaraki,1990-04-18,175,135.8,Sd82e,1,6
2019.01,12174,Jd24w,Sadanogo,Sakaigawa,Nagasaki,1999-02-08,178,102,Sd84e,1,6
2019.01,12366,Jd25e,Shido,Kise,Kumamoto,1999-03-18,173,98,Jd50e,4,3
2019.01,12116,Jd25w,Seito,Fujishima,Gifu,1995-07-14,178,112,Jd2w,3,4
2019.01,1167,Jd26e,Kyokuhozan,Tomozuna,Nagano,1986-03-30,180,150.7,Sd74e,0,7
2019.01,12353,Jd26w,Sakurafuji,Isegahama,Kanagawa,1998-07-02,183,138,Jd50w,4,3
2019.01,237,Jd27e,Fujinokaze,Oguruma,Hyogo,1977-06-24,180.4,183.2,Sd94w,2,5
2019.01,1260,Jd27w,Mimurodake,Isegahama,Nara,1987-03-18,179,148.5,Jd51e,4,3
2019.01,12371,Jd28e,Abezakura,Shikihide,Akita,1992-06-01,167,162,Jd51w,4,3
2019.01,12447,Jd28w,Tosaeizan,Onomatsu,Kochi,1999-08-20,172,106,Jd5w,3,4
2019.01,12084,Jd29e,Hokutoiwami,Hakkaku,Hokkaido,1994-06-15,178,137.7,Jd52w,4,3
2019.01,12398,Jd29w,Chiyotaiko,Kokonoe,Osaka,2001-12-26,176,116,Jd108e,6,1
2019.01,12417,Jd30e,Toki,Tatsunami,Ibaraki,1999-03-12,168,89,Jd72e,5,2
2019.01,12081,Jd30w,Kotomiyakura,Sadogatake,Shiga,1998-02-28,175,111,Jd7e,3,4
2019.01,179,Jd31e,Tenichi,Yamahibiki,Niigata,1977-11-22,175.5,140.6,Jd8w,3,4
2019.01,12313,Jd31w,Amamisho,Sakaigawa,Kagoshima,1997-10-27,176,138,Jd56e,4,3
2019.01,800,Jd32e,Hienriki,Oguruma,Niigata,1983-03-06,179,121,Jd11e,3,4
2019.01,6033,Jd32w,Shunba,Isegahama,Ishikawa,1981-12-18,165,103.2,Jd12w,3,4
2019.01,12179,Jd33e,Fudano,Azumazeki,Kanagawa,1991-08-24,179,143,Jd13e,3,4
2019.01,12498,Jd33w,Kamada,Yamahibiki,Okayama,2002-06-21,186,169,Jd60e,4,3
2019.01,504,Jd34e,Kainowaka,Tomozuna,Fukuoka,1979-04-20,178,173.5,Jd77e,5,2
2019.01,12461,Jd34w,Kamitani,Michinoku,Miyazaki,2002-06-18,183,121,Jd77w,5,2
2019.01,12391,Jd35e,Tainaka,Futagoyama,Kanagawa,1998-08-10,175,117,Jd4e,2,5
2019.01,12426,Jd35w,Miyakogawa,Isenoumi,Kyoto,1998-11-22,175,101,Jd4w,2,5
2019.01,12359,Jd36e,Wakaichiro,Musashigawa,Nagasaki,1998-07-07,178,115,Jd5e,2,5
2019.01,6598,Jd36w,Tochinoshima,Kasugano,Wakayama,1987-05-03,173,141.8,Sd96e,1,6
2019.01,12466,Jd37e,Daiyusho,Oitekaze,Ehime,2002-04-06,173,111,Jd14w,3,4
2019.01,6537,Jd37w,Asanoshima,Takasago,Kagoshima,1989-10-09,168,130,Jd64e,4,3
2019.01,12176,Jd38e,Ryubu,Musashigawa,Gifu,1998-07-11,181,135,Jd79e,5,2
2019.01,2859,Jd38w,Ota,Yamahibiki,Tokushima,1987-08-08,168,135,Jd66e,4,3
2019.01,12214,Jd39e,Fukamachi,Minezaki,Fukuoka,1999-06-22,172,79,Jd79w,5,2
2019.01,12328,Jd39w,Ayaminato,Minato,Saitama,2000-04-12,168,91,Jd66w,4,3
2019.01,12091,Jd40e,Kurokage,Miyagino,Hokkaido,1997-12-23,181,135.6,Jd17e,3,4
2019.01,2869,Jd40w,Hamamiryu,Kise,Hyogo,1987-05-10,171.5,108,Jd80e,5,2
2019.01,12173,Jd41e,Nakaishi,Nishonoseki,Aichi,1998-07-24,180,125,Jd68e,4,3
2019.01,11878,Jd41w,Imafuku,Nishonoseki,Kyoto,1990-10-23,175,111.5,Jd19w,3,4
2019.01,12102,Jd42e,Ryuki,Michinoku,Kagoshima,1997-08-15,177,67,Jd69w,4,3
2019.01,12253,Jd42w,Chiyonosora,Kokonoe,Tokyo,2000-03-17,171,100,Jd9w,2,5
2019.01,916,Jd43e,Tochikasuga,Kasugano,Aichi,1983-10-01,177,132.3,Jd10w,2,5
2019.01,12457,Jd43w,Chiyohokkai,Kokonoe,Hokkaido,1995-10-19,170,120,Jd70w,4,3
2019.01,12146,Jd44e,Sakai,Otake,Fukuoka,1995-10-28,175,104,Jd23w,3,4
2019.01,9126,Jd44w,Hirose,Arashio,Tokushima,1988-10-18,178,164,Jd24w,3,4
2019.01,9074,Jd45e,Hokutoo,Hakkaku,Fukushima,1992-11-11,196,135,Sd93w,0,2
2019.01,12404,Jd45w,Wakaseido,Asahiyama,Chiba,1998-04-14,168,76,Jd71w,4,3
2019.01,12381,Jd46e,Fujikawa,Oguruma,Saga,2001-08-08,172,126,Jk19e,6,1
2019.01,12509,Jd46w,Mukaida,Naruto,Hyogo,1998-11-02,183,123,Jd89e,5,2
2019.01,9068,Jd47e,Hokutohana,Hakkaku,Hiroshima,1989-07-07,179,163,Jd15w,2,5
2019.01,12388,Jd47w,Chiyotaiho,Kokonoe,Yamaguchi,2001-08-01,171,131,Jd16e,2,5
2019.01,11993,Jd48e,Tsugaruumi,Tamanoi,Chiba,1996-04-06,174,84.2,Sd86w,0,0
2019.01,12473,Jd48w,Ueta,Fujishima,Tokushima,1999-12-21,167,101,Jd73w,4,3
2019.01,12160,Jd49e,Takakurayama,Onoe,Yamagata,1998-08-11,179,112,Jd26w,3,4
2019.01,11928,Jd49w,Mori,Tamanoi,Fukushima,1992-07-02,173,117,Jd91w,5,2
2019.01,6585,Jd50e,Rendaiyama,Kise,Hyogo,1988-01-12,179.5,144.2,Sd88w,0,0
2019.01,12157,Jd50w,Kokuryunami,Tatsunami,Fukuoka,1995-04-20,179,100,Jk26e,6,1
2019.01,12165,Jd51e,Yuma,Onomatsu,Osaka,1998-06-13,174,86,Jk26w,6,1
2019.01,1128,Jd51w,Burinosato,Chiganoura,Ishikawa,1983-02-15,183.5,152.5,Jd92w,5,2
2019.01,12303,Jd52e,Tokio,Isenoumi,Iwate,2000-08-16,173,96,Jd75e,4,3
2019.01,12259,Jd52w,Fukuazuma,Tamanoi,Fukushima,1999-11-24,172,107,Jd28e,3,4
2019.01,11777,Jd53e,Arikawa,Nishonoseki,Kagoshima,1988-10-09,170,124.2,Jd78w,4,3
2019.01,12394,Jd53w,Miryuzan,Otake,Chiba,2001-11-21,177,113,Jd29w,3,4
2019.01,12161,Jd54e,Fujinoteru,Onoe,Tokyo,1998-08-24,166,72,Jd100w,5,2
2019.01,12326,Jd54w,Chida,Onomatsu,Iwate,1997-10-20,185,126,Jd81e,4,3
2019.01,11913,Jd55e,Okunisato,Nakagawa,Tokyo,1992-09-18,184,119,Jd30w,3,4
2019.01,12120,Jd55w,Nakao,Onoe,Osaka,1995-06-19,172,110,Jd21w,2,5
2019.01,12467,Jd56e,Onagaya,Shikoroyama,Aichi,2002-12-16,181,135,Jd84w,4,3
2019.01,11995,Jd56w,Hokutoyu,Hakkaku,Hokkaido,1993-09-21,181,124,Jd85e,4,3
2019.01,243,Jd57e,Isenohana,Isegahama,Aomori,1975-01-03,180,131.8,Jd22e,2,5
2019.01,12401,Jd57w,Wakasatake,Nishiiwa,Osaka,1998-06-04,167,84,Jd23e,2,5
2019.01,12424,Jd58e,Sadatsuyoshi,Sakaigawa,Tokyo,1998-09-17,184,158,Jd86e,4,3
2019.01,11962,Jd58w,Daishohama,Oitekaze,Hyogo,1995-05-07,167,106.5,Jd86w,4,3
2019.01,12345,Jd59e,Satsumao,Shikihide,Kagoshima,2000-07-26,183,111,Jd105e,5,2
2019.01,12298,Jd59w,Ito,Hakkaku,Hokkaido,1997-07-16,177,110,Jd105w,5,2
2019.01,12017,Jd60e,Hokutonami,Hakkaku,Hokkaido,1993-08-16,172,118.2,Jd14e,1,6
2019.01,12306,Jd60w,Omote,Shikihide,Oita,1998-03-01,168,67,Jd34w,3,4
2019.01,12445,Jd61e,Shachinofuji,Isegahama,Aichi,1999-04-26,176,109,Jd90w,4,3
2019.01,12511,Jd61w,Roman,Tatsunami,Okinawa,2001-04-24,172,121,Jd35w,3,4
2019.01,6765,Jd62e,Daishoko,Oitekaze,Aichi,1988-10-27,175.5,131.6,Jk2w,5,2
2019.01,11860,Jd62w,Kototaiko,Sadogatake,Yamagata,1994-12-20,176,133,Jd94e,4,3
2019.01,11832,Jd63e,Tochigidake,Kasugano,Gifu,1991-11-20,174.5,112,Jd36w,3,4
2019.01,11932,Jd63w,Hamatensei,Shikoroyama,Kanagawa,1996-03-08,179,102.9,Jk3e,5,2
2019.01,12020,Jd64e,Kotouruga,Sadogatake,Nagano,1993-08-06,184,88,Jd37e,3,4
2019.01,12219,Jd64w,Asadoji,Takasago,Hyogo,2000-03-31,170,80,Jk4w,5,2
2019.01,12363,Jd65e,Harada,Shikoroyama,Yamaguchi,1999-01-21,183,86,Jd96w,4,3
2019.01,6958,Jd65w,Kotonoshima,Sadogatake,Kagawa,1989-12-02,183,129,Jd40e,3,4
2019.01,12348,Jd66e,Tatsuki,Otake,Aichi,2001-01-30,181,94,Jd97e,4,3
2019.01,12507,Jd66w,Kawamura,Naruto,Mie,2001-09-03,175,85,Jk5w,5,2
2019.01,12187,Jd67e,Shoryudo,Shikihide,Aichi,1995-04-29,174,112,Jd98e,4,3
2019.01,12315,Jd67w,Hokutoryu,Tamanoi,Hokkaido,2000-09-19,171,82,Jd29e,2,1
2019.01,6502,Jd68e,Teraosho,Shikoroyama,Miyagi,1989-04-25,181,163.7,Jd41w,3,4
2019.01,12222,Jd68w,Tamanoryu,Kataonami,Fukuoka,1999-05-07,175,86,Jd32w,2,5
2019.01,12490,Jd69e,Kochikara,Tagonoura,Tochigi,2002-06-15,184,166,Jk8w,5,2
2019.01,12145,Jd69w,Sorakaze,Oguruma,Aichi,1998-12-28,172,84,Jd34e,2,5
2019.01,12287,Jd70e,Shunpo,Minezaki,Kanagawa,2000-08-17,170,97,Jd101w,4,3
2019.01,12482,Jd70w,Kotomaeda,Sadogatake,Wakayama,2002-11-15,167,104,Jd103e,4,3
2019.01,12057,Jd71e,Terumichi,Isegahama,Aichi,1997-04-09,183,89,Jd44e,3,4
2019.01,12378,Jd71w,Amane,Shikoroyama,Kanagawa,1998-11-21,180,140,Jd103w,4,3
2019.01,9109,Jd72e,Motokiyama,Tamanoi,Nagano,1991-12-15,172,108.2,Jd104w,4,3
2019.01,12121,Jd72w,Nakai,Onoe,Mie,1996-03-08,174,129,Jd37w,2,5
2019.01,12411,Jd73e,Kaitoma,Asakayama,Kanagawa,2001-05-11,179,135,Jd47w,3,4
2019.01,12341,Jd73w,Imai,Shikihide,Kanagawa,1993-06-21,172,97,Jd48w,3,4
2019.01,12452,Jd74e,Asaazuma,Takasago,Kochi,1999-05-18,182,119,Jk1w,4,3
2019.01,12403,Jd74w,Tagomaru,Tagonoura,Aichi,2001-07-16,181,148,Jk27e,5,2
2019.01,12438,Jd75e,Asahio,Asahiyama,Ibaraki,2000-07-17,175,110,Jk5e,4,3
2019.01,399,Jd75w,Terunosato,Tagonoura,Ehime,1978-01-27,177,172,Jd32e,1,6
2019.01,1161,Jd76e,Kirimaru,Michinoku,Aichi,1985-04-05,173,146,Jk6e,4,3
2019.01,12407,Jd76w,Toshonishiki,Nishikido,Tochigi,1998-07-21,173,68,Jd54e,3,4
2019.01,383,Jd77e,Satonofuji,Isegahama,Gunma,1977-04-15,171,111.4,Jd54w,3,4
2019.01,12459,Jd77w,Azumaiwa,Tamanoi,Miyazaki,1999-08-24,185,141,Jk9e,4,3
2019.01,12297,Jd78e,Jingu,Hakkaku,Hiroshima,1998-02-27,173,121,Jd43w,2,5
2019.01,12392,Jd78w,Yukiumi,Yamahibiki,Hyogo,2002-02-12,167,98,Jd57e,3,4
2019.01,12434,Jd79e,Wakanoguchi,Nishiiwa,Saitama,2000-12-07,181,116,Jd47e,2,5
2019.01,12444,Jd79w,Osumifuji,Isegahama,Kagoshima,1999-12-18,170,109,Jd57w,3,4
2019.01,12269,Jd80e,Asahinishiki,Asahiyama,Chiba,1998-02-27,169,106,Jk12w,4,3
2019.01,12356,Jd80w,Tatsunofuji,Isegahama,Osaka,2000-09-01,175,109,Jd48e,2,5
2019.01,12307,Jd81e,Aonoumi,Azumazeki,Aomori,2000-06-22,173,99,Jk13e,4,3
2019.01,12069,Jd81w,Shiraseyama,Kise,Hyogo,1998-01-29,173,128.3,Jk13w,4,3
2019.01,12257,Jd82e,Watatani,Arashio,Ishikawa,1999-07-07,171,90,Jd58e,3,4
2019.01,12410,Jd82w,Wakaseiun,Chiganoura,Aichi,2001-04-18,181,111,Jk14e,4,3
2019.01,12167,Jd83e,Bushi,Musashigawa,Saitama,1995-02-09,174,79,Jd49e,2,5
2019.01,12224,Jd83w,Kyonosato,Isenoumi,Kyoto,1996-09-26,183,147,Jk15e,4,3
2019.01,12502,Jd84e,Takamasaki,Chiganoura,Osaka,1999-11-06,172,113,Jk16e,4,3
2019.01,2846,Jd84w,Daiisshin,Isegahama,Fukuoka,1987-03-14,178,116.3,Jk18e,4,3
2019.01,12499,Jd85e,Ai,Takadagawa,Tokushima,1999-01-30,177,100,Jk24e,4,3
2019.01,12517,Jd85w,Sawada,Michinoku,Kumamoto,2002-04-11,170,69,Jk28e,4,3
2019.01,271,Jd86e,Hanakaze,Tatsunami,Tokyo,1970-05-28,182,109.2,Jd52e,2,5
2019.01,1156,Jd86w,Mogaminishiki,Kise,Yamagata,1982-10-28,180.5,145.4,Jd42w,1,6
2019.01,12070,Jd87e,Yukiamami,Tatsunami,Kagoshima,1998-01-09,182,105,Jd26e,0,7
2019.01,12286,Jd87w,Daisho,Oitekaze,Ishikawa,2000-06-04,170,108,Jd64w,3,4
2019.01,12495,Jd88e,Sasaki,Hakkaku,Hokkaido,1999-10-24,187,125,Jd65e,3,4
2019.01,12400,Jd88w,Kaishin,Tagonoura,Aomori,2001-09-25,182,117,Jd45w,1,6
2019.01,12405,Jd89e,Honma,Naruto,Tokyo,2001-05-01,170,80,Jd65w,3,4
2019.01,12365,Jd89w,Omura,Michinoku,Fukuoka,1998-09-25,167,67,Jd56w,2,5
2019.01,12295,Jd90e,Asahanshin,Takasago,Osaka,2000-06-04,181,126,Jd67e,3,4
2019.01,12458,Jd90w,Asonishiki,Sakaigawa,Kumamoto,1999-11-09,176,155,Jd20e,0,0
2019.01,7113,Jd91e,Wakatozakura,Shikihide,Fukuoka,1992-02-24,182,140.4,Jd67w,3,4
2019.01,2924,Jd91w,Zendaisho,Takadagawa,Chiba,1987-10-14,174,130.4,Jd59e,2,5
2019.01,12129,Jd92e,Isamufuji,Isegahama,Aichi,1999-01-05,176,109,Jd61e,2,5
2019.01,12277,Jd92w,Umizaru,Miyagino,Kyoto,1996-10-30,177,123,Jd63e,2,5
2019.01,1412,Jd93e,Adachi,Tagonoura,Kanagawa,1985-07-15,183,183,Jd55w,1,6
2019.01,641,Jd93w,Shinzan,Takasago,Kanagawa,1982-01-27,186,140,Jd73e,3,4
2019.01,12308,Jd94e,Goketsuyama,Shibatayama,Osaka,2000-04-25,167,98,Jd74w,3,4
2019.01,12474,Jd94w,Tabara,Musashigawa,Fukuoka,2002-06-21,175,129,Jd75w,3,4
2019.01,12485,Jd95e,Tanji,Arashio,Fukushima,2003-01-13,183,69,Jd78e,3,4
2019.01,11844,Jd95w,Ayakaze,Oguruma,Hyogo,1995-01-01,181,95.4,Jd25w,0,0
2019.01,12177,Jd96e,Fubu,Musashigawa,Tokyo,1998-07-28,175,75,Jd70e,2,5
2019.01,12332,Jd96w,Nishimura,Musashigawa,Saitama,2001-02-05,176,115,Jd80w,3,4
2019.01,943,Jd97e,Daishojo,Oitekaze,Aichi,1983-12-06,176,134.2,Jd71e,2,5
2019.01,12001,Jd97w,Kotoomura,Sadogatake,Fukuoka,1997-02-25,178,99,Jd82e,3,4
2019.01,12343,Jd98e,Fukuda,Kise,Tokyo,1997-02-11,168,92,Jd82w,3,4
2019.01,12327,Jd98w,Oshozan,Naruto,Yamanashi,2000-05-11,167,92,Jd38w,0,1
2019.01,11938,Jd99e,Hokutosato,Hakkaku,Hiroshima,1992-08-08,179,125,Jd83w,3,4
2019.01,2927,Jd99w,Sakura,Takadagawa,Osaka,1986-10-17,173,127.4,Jd84e,3,4
2019.01,12510,Jd100e,Chiyotaiyo,Kokonoe,Tokyo,2001-08-17,175,70,Jd76e,2,5
2019.01,12147,Jd100w,Hakuyo,Isenoumi,Tokyo,1998-07-12,173,79,Jd76w,2,5
2019.01,12240,Jd101e,Fukuminato,Minato,Tokyo,2000-03-16,179,110,Jd69e,1,6
2019.01,11912,Jd101w,Urutora,Shikihide,Tochigi,1989-05-08,164,60,Jd88e,3,4
2019.01,12228,Jd102e,Oatari,Shikihide,Saitama,1999-11-27,174,113,Jd92e,3,4
2019.01,11774,Jd102w,Hakkairyu,Miyagino,Hyogo,1993-06-10,172,123,Jd93w,3,4
2019.01,5606,Jd103e,Azumanami,Tamanoi,Fukushima,1984-11-29,174,150.3,Jd83e,2,5
2019.01,12397,Jd103w,Toyama,Musashigawa,Osaka,1998-04-09,190,103,Jd74e,1,6
2019.01,6005,Jd104e,Higonoryu,Kise,Kumamoto,1985-11-19,175,204.8,Jd96e,3,4
2019.01,12512,Jd104w,Shiimori,Tokitsukaze,Okayama,1998-08-20,177,97,Jd87e,2,5
2019.01,12376,Jd105e,Tetsujin,Shikoroyama,Aichi,2001-04-09,171,138,Jd98w,3,4
2019.01,12477,Jd105w,Wakamatsunaga,Nishiiwa,Osaka,2002-12-14,174,119,Jd99e,3,4
2019.01,12433,Jd106e,Asahijo,Asahiyama,Yamanashi,1996-06-14,183,88,Jd99w,3,4
2019.01,12487,Jd106w,Ogitora,Dewanoumi,Aichi,2003-03-24,170,88,Jd91e,2,5
2019.01,12413,Jd107e,Takemaru,Miyagino,Yamanashi,2001-07-21,166,138,Jd102w,3,4
2019.01,12386,Jd107w,Kototsukahara,Sadogatake,Ibaraki,1998-05-31,189,161,Jd93e,2,5
2019.01,12446,Jk1e,Tenei,Takadagawa,Osaka,1999-10-11,176,102,Jd104e,3,4
2019.01,12421,Jk1w,Tsuyasato,Minato,Saitama,2001-05-25,169,155,Jd95e,2,5
2019.01,12375,Jk2e,Hayasaka,Tokitsukaze,Kanagawa,2001-12-10,172,101,Jd85w,1,6
2019.01,11810,Jk2w,Azumahikari,Tamanoi,Tokyo,1993-05-27,170,120.6,Jd106e,3,4
2019.01,12283,Jk3e,Banshunada,Onoe,Hyogo,1998-03-17,167,95,Jd97w,2,5
2019.01,12409,Jk3w,Kinugawa,Tamanoi,Saitama,2001-02-23,171,98,Jd90e,1,6
2019.01,12504,Jk4e,Soga,Futagoyama,Saitama,2003-02-09,177,119,Jd108w,3,4
2019.01,12172,Jk4w,Yamashita,Nishonoseki,Fukuoka,1998-04-16,172,111,Jd101e,2,5
2019.01,677,Jk5e,Itakozakura,Shikihide,Ibaraki,1978-10-02,178,139,Jd102e,2,5
2019.01,12419,Jk5w,Minami,Tatsunami,Okinawa,2002-03-26,171,73,Jk2e,3,4
2019.01,12056,Jk6e,Teruju,Isegahama,Aichi,1998-03-18,170,102,Jk3w,3,4
2019.01,2926,Jk6w,Moriurara,Otake,Chiba,1987-06-16,170,133,Jd107e,2,5
2019.01,12383,Jk7e,Kotoimagawa,Sadogatake,Osaka,2001-12-13,173,78,Jd107w,2,5
2019.01,12493,Jk7w,Iwamoto,Tamanoi,Hyogo,2002-06-29,180,97,Jk6w,3,4
2019.01,12441,Jk8e,Shimizu,Musashigawa,Nagano,1998-11-20,177,128,Jk7e,3,4
2019.01,11856,Jk8w,Masutenryu,Chiganoura,Gunma,1994-05-28,174,129.5,Jd45e,0,0
2019.01,12302,Jk9e,Tetsubisho,Shikoroyama,Hyogo,1997-10-15,173,92,Jk10w,3,4
2019.01,12216,Jk9w,Shimakaze,Oguruma,Osaka,1999-05-17,174,123,Jk11e,3,4
2019.01,12331,Jk10e,Kaishun,Asakayama,Kyoto,2000-09-14,169,87,Jk12e,3,4
2019.01,12402,Jk10w,Sekizukayama,Tagonoura,Aichi,2001-07-06,187,112,Jk15w,3,4
2019.01,12395,Jk11e,Satozakura,Shikihide,Fukushima,1999-12-09,170,84,Jk4e,2,5
2019.01,12513,Jk11w,Wakakosuge,Nishiiwa,Ibaraki,2000-02-04,168,67,Jk8e,2,5
2019.01,12486,Jk12e,Hayatonishiki,Asahiyama,Hiroshima,1999-10-10,167,68,Jk17e,3,4
2019.01,12472,Jk12w,Morita,Futagoyama,Chiba,2002-05-29,174,113,Jk1e,1,6
2019.01,673,Jk13e,Sawaisamu,Shikihide,Tokyo,1977-02-07,169,105.5,Jk18w,3,4
2019.01,12478,Jk13w,Wakafujioka,Nishiiwa,Osaka,2002-11-16,166,112,Jk19w,3,4
2019.01,12508,Jk14e,Oju,Naruto,Aomori,1996-02-08,169,90,Jk21e,3,4
2019.01,12440,Jk14w,Houn,Minezaki,Hokkaido,1995-05-11,175,70,Jk21w,3,4
2019.01,12408,Jk15e,Matsuoka,Azumazeki,Nagano,2001-11-10,171,116,Jk11w,2,5
2019.01,12289,Jk15w,Sawanofuji,Isegahama,Tokyo,2000-11-09,173,108,Jk22e,3,4
2019.01,11877,Jk16e,Azumayama,Tamanoi,Fukushima,1994-06-10,182,108.6,Jk14w,2,5
2019.01,12006,Jk16w,Matsuyama,Dewanoumi,Okinawa,1996-11-12,181,100,Jd53w,0,0
2019.01,12500,Jk17e,Matsugashima,Takadagawa,Shizuoka,2002-09-19,175,121,Jk17w,2,5
2019.01,12469,Jk17w,Tanaka,Shikoroyama,Ibaraki,2002-10-24,165,68,Jk20e,2,5
2019.01,12471,Jk18e,Toya,Tomozuna,Chiba,1998-06-21,179,78,Jk20w,2,5
2019.01,12489,Jk18w,Shishimaru,Tagonoura,Tokyo,2002-10-25,174,124,Jk23e,2,5
2019.01,12518,Jk19e,Yada,Asahiyama,Mie,2002-09-16,168,110,Jk29w,1,6
2019.01,12483,Jk19w,Kotosumida,Sadogatake,Gifu,2002-10-30,181,111,Jd61w,0,1
2019.01,8905,Jk20e,Daiseiho,Shibatayama,Osaka,1988-11-27,181,137.5,Jd72w,0,0
2019.01,6006,Jk20w,Daishiryu,Kise,Tokyo,1988-09-27,185,104.7,Jd87w,0,7
2019.01,12138,Jk21e,Terunohana,Isegahama,Fukushima,1998-03-23,175,79,Jd88w,0,0
2019.01,12266,Jk21w,Hanashi,Musashigawa,Ibaraki,1992-12-21,175,124,Jd94w,0,0
2019.01,12364,Jk22e,Yabuoka,Futagoyama,Osaka,1998-09-07,180,87,Jd100e,0,0
2019.01,9063,Jk22w,Okuniasahi,Nakagawa,Tokyo,1992-09-18,188,147.2,Jd106w,0,0
2019.01,12516,Jk23e,Roga,Futagoyama,Mongolia,1999-03-02,183,135,Mz,3,0
2019.01,12437,Jk23w,Yuriki,Chiganoura,Tokyo,2001-09-02,167,126,Mz,3,1
2019.01,12523,Jk24e,Shimomura,Sakaigawa,Osaka,2000-08-20,178,116,Mz,3,1
2019.01,12519,Jk24w,Daitenma,Azumazeki,Mongolia,2000-01-09,187,106,Mz,3,2
2019.01,12123,Jk25e,Narumi,Onomatsu,Aomori,1994-08-27,175,132,Mz,3,2
2019.01,12524,Jk25w,Hamasu,Onoe,Tokyo,2001-03-06,174,115,Mz,2,3
2019.01,12521,Jk26e,Denpoya,Isegahama,Aomori,2000-07-06,185,126,Mz,1,3
2019.01,12268,Jk26w,Hattorizakura,Shikihide,Kanagawa,1998-07-16,180,70,Jk28w,0,7
2019.01,12522,Jk27e,Watai,Chiganoura,Ibaraki,2002-07-17,175,91,Mz,0,4
2019.01,695,Jk27w,Daigonishiki,Takasago,Ibaraki,1977-10-12,176,188.1,Mz,0,2
