"basho","day","rikishi1_id","rikishi1_rank","rikishi1_shikona","rikishi1_result","rikishi1_win","kimarite","rikishi2_id","rikishi2_rank","rikishi2_shikona","rikishi2_result","rikishi2_win"
"2019.01",1,6572,"J14e","Gagamaru","1-0 (8-7)",1,"oshitaoshi",12231,"Ms1w","Kiribayama","0-1 (4-3)",0
"2019.01",1,12231,"Ms1w","Kiribayama","0-1 (4-3)",0,"oshitaoshi",6572,"J14e","Gagamaru","1-0 (8-7)",1
"2019.01",1,11971,"J13w","Jokoryu","0-1 (5-9-1)",0,"yorikiri",12255,"J14w","Chiyonoumi","1-0 (8-5-2)",1
"2019.01",1,12255,"J14w","Chiyonoumi","1-0 (8-5-2)",1,"yorikiri",11971,"J13w","Jokoryu","0-1 (5-9-1)",0
"2019.01",1,4980,"J12w","Sokokurai","0-1 (8-7)",0,"yorikiri",7239,"J13e","Kyokushuho","1-0 (9-6)",1
"2019.01",1,7239,"J13e","Kyokushuho","1-0 (9-6)",1,"yorikiri",4980,"J12w","Sokokurai","0-1 (8-7)",0
"2019.01",1,1284,"J12e","Takekaze","0-1 (1-9)",0,"hatakikomi",12113,"J11w","Tsurugisho","1-0 (8-7)",1
"2019.01",1,12113,"J11w","Tsurugisho","1-0 (8-7)",1,"hatakikomi",1284,"J12e","Takekaze","0-1 (1-9)",0
"2019.01",1,12024,"J11e","Shimanoumi","1-0 (13-2)",1,"okuridashi",12203,"J10w","Tobizaru","0-1 (7-8)",0
"2019.01",1,12203,"J10w","Tobizaru","0-1 (7-8)",0,"okuridashi",12024,"J11e","Shimanoumi","1-0 (13-2)",1
"2019.01",1,2832,"J10e","Arawashi","0-1 (6-9)",0,"yorikiri",12406,"J9w","Mitoryu","1-0 (6-9)",1
"2019.01",1,12406,"J9w","Mitoryu","1-0 (6-9)",1,"yorikiri",2832,"J10e","Arawashi","0-1 (6-9)",0
"2019.01",1,8899,"J9e","Kyokutaisei","1-0 (7-8)",1,"oshidashi",12026,"J8w","Hidenoumi","0-1 (6-9)",0
"2019.01",1,12026,"J8w","Hidenoumi","0-1 (6-9)",0,"oshidashi",8899,"J9e","Kyokutaisei","1-0 (7-8)",1
"2019.01",1,8900,"J7w","Akiseyama","0-1 (6-9)",0,"shitatedashinage",12412,"J8e","Enho","1-0 (9-6)",1
"2019.01",1,12412,"J8e","Enho","1-0 (9-6)",1,"shitatedashinage",8900,"J7w","Akiseyama","0-1 (6-9)",0
"2019.01",1,7240,"J6w","Chiyomaru","1-0 (10-5)",1,"tsukiotoshi",11723,"J7e","Azumaryu","0-1 (7-8)",0
"2019.01",1,11723,"J7e","Azumaryu","0-1 (7-8)",0,"tsukiotoshi",7240,"J6w","Chiyomaru","1-0 (10-5)",1
"2019.01",1,1227,"J5w","Toyonoshima","0-1 (10-5)",0,"oshidashi",11943,"J6e","Hakuyozan","1-0 (8-7)",1
"2019.01",1,11943,"J6e","Hakuyozan","1-0 (8-7)",1,"oshidashi",1227,"J5w","Toyonoshima","0-1 (10-5)",0
"2019.01",1,11726,"J4w","Tokushoryu","1-0 (7-8)",1,"uwatenage",12370,"J5e","Wakatakakage","0-1 (7-8)",0
"2019.01",1,12370,"J5e","Wakatakakage","0-1 (7-8)",0,"uwatenage",11726,"J4w","Tokushoryu","1-0 (7-8)",1
"2019.01",1,12051,"J3w","Ishiura","0-1 (9-6)",0,"oshidashi",12427,"J4e","Tomokaze","1-0 (10-5)",1
"2019.01",1,12427,"J4e","Tomokaze","1-0 (10-5)",1,"oshidashi",12051,"J3w","Ishiura","0-1 (9-6)",0
"2019.01",1,89,"J3e","Aminishiki","0-1 (3-12)",0,"oshidashi",11855,"J2w","Takanosho","1-0 (2-4-9)",1
"2019.01",1,11855,"J2w","Takanosho","1-0 (2-4-9)",1,"oshidashi",89,"J3e","Aminishiki","0-1 (3-12)",0
"2019.01",1,12040,"J1w","Daishoho","0-1 (8-7)",0,"okuridashi",12077,"J2e","Takagenji","1-0 (6-9)",1
"2019.01",1,12077,"J2e","Takagenji","1-0 (6-9)",1,"okuridashi",12040,"J1w","Daishoho","0-1 (8-7)",0
"2019.01",1,11868,"J1e","Terutsuyoshi","1-0 (8-7)",1,"yorikiri",12144,"M16w","Daishomaru","0-1 (3-12)",0
"2019.01",1,12144,"M16w","Daishomaru","0-1 (3-12)",0,"yorikiri",11868,"J1e","Terutsuyoshi","1-0 (8-7)",1
"2019.01",1,6642,"M15e","Chiyonokuni","1-0 (8-3-4)",1,"oshidashi",12273,"M16e","Daiamami","0-1 (4-11)",0
"2019.01",1,12273,"M16e","Daiamami","0-1 (4-11)",0,"oshidashi",6642,"M15e","Chiyonokuni","1-0 (8-3-4)",1
"2019.01",1,7153,"M15w","Kotoeko","1-0 (7-8)",1,"yorikiri",11785,"M14w","Chiyoshoma","0-1 (6-9)",0
"2019.01",1,11785,"M14w","Chiyoshoma","0-1 (6-9)",0,"yorikiri",7153,"M15w","Kotoeko","1-0 (7-8)",1
"2019.01",1,9079,"M13w","Kotoyuki","0-1 (4-7-4)",0,"oshidashi",12292,"M14e","Yutakayama","1-0 (6-9)",1
"2019.01",1,12292,"M14e","Yutakayama","1-0 (6-9)",1,"oshidashi",9079,"M13w","Kotoyuki","0-1 (4-7-4)",0
"2019.01",1,11946,"M12w","Meisei","0-1 (8-7)",0,"yoritaoshi",12425,"M13e","Yago","1-0 (9-6)",1
"2019.01",1,12425,"M13e","Yago","1-0 (9-6)",1,"yoritaoshi",11946,"M12w","Meisei","0-1 (8-7)",0
"2019.01",1,6491,"M11w","Ikioi","1-0 (9-6)",1,"oshidashi",11845,"M12e","Kagayaki","0-1 (6-9)",0
"2019.01",1,11845,"M12e","Kagayaki","0-1 (6-9)",0,"oshidashi",6491,"M11w","Ikioi","1-0 (9-6)",1
"2019.01",1,2879,"M11e","Sadanoumi","1-0 (9-6)",1,"oshidashi",12094,"M10w","Abi","0-1 (10-5)",0
"2019.01",1,12094,"M10w","Abi","0-1 (10-5)",0,"oshidashi",2879,"M11e","Sadanoumi","1-0 (9-6)",1
"2019.01",1,11728,"M10e","Takarafuji","0-1 (9-6)",0,"tsukiotoshi",12055,"M9w","Endo","1-0 (10-5)",1
"2019.01",1,12055,"M9w","Endo","1-0 (10-5)",1,"tsukiotoshi",11728,"M10e","Takarafuji","0-1 (9-6)",0
"2019.01",1,6753,"M8e","Kaisei","1-0 (10-5)",1,"yorikiri",12291,"M8w","Asanoyama","0-1 (8-7)",0
"2019.01",1,12291,"M8w","Asanoyama","0-1 (8-7)",0,"yorikiri",6753,"M8e","Kaisei","1-0 (10-5)",1
"2019.01",1,6594,"M7e","Ryuden","0-1 (6-9)",0,"tsukidashi",11985,"M7w","Daieisho","1-0 (9-6)",1
"2019.01",1,11985,"M7w","Daieisho","1-0 (9-6)",1,"tsukidashi",6594,"M7e","Ryuden","0-1 (6-9)",0
"2019.01",1,11934,"M6e","Chiyotairyu","0-1 (8-7)",0,"oshidashi",12043,"M6w","Onosho","1-0 (8-7)",1
"2019.01",1,12043,"M6w","Onosho","1-0 (8-7)",1,"oshidashi",11934,"M6e","Chiyotairyu","0-1 (8-7)",0
"2019.01",1,5967,"M5w","Yoshikaze","0-1 (3-12)",0,"oshidashi",11786,"M5e","Aoiyama","1-0 (7-8)",1
"2019.01",1,11786,"M5e","Aoiyama","1-0 (7-8)",1,"oshidashi",5967,"M5w","Yoshikaze","0-1 (3-12)",0
"2019.01",1,1226,"M4e","Kotoshogiku","1-0 (6-9)",1,"yorikiri",6463,"M4w","Okinoumi","0-1 (7-8)",0
"2019.01",1,6463,"M4w","Okinoumi","0-1 (7-8)",0,"yorikiri",1226,"M4e","Kotoshogiku","1-0 (6-9)",1
"2019.01",1,5944,"S1w","Tamawashi","1-0 (13-2)",1,"tsukiotoshi",6614,"M3w","Shohozan","0-1 (5-10)",0
"2019.01",1,6614,"M3w","Shohozan","0-1 (5-10)",0,"tsukiotoshi",5944,"S1w","Tamawashi","1-0 (13-2)",1
"2019.01",1,12130,"M3e","Shodai","0-1 (7-8)",0,"tsukidashi",12191,"S1e","Takakeisho","1-0 (11-4)",1
"2019.01",1,12191,"S1e","Takakeisho","1-0 (11-4)",1,"tsukidashi",12130,"M3e","Shodai","0-1 (7-8)",0
"2019.01",1,6599,"O2w","Tochinoshin","0-1 (0-5-10)",0,"oshidashi",12239,"M2w","Hokutofuji","1-0 (9-6)",1
"2019.01",1,12239,"M2w","Hokutofuji","1-0 (9-6)",1,"oshidashi",6599,"O2w","Tochinoshin","0-1 (0-5-10)",0
"2019.01",1,6468,"O1w","Goeido","0-1 (9-6)",0,"uwatenage",6596,"M2e","Nishikigi","1-0 (7-8)",1
"2019.01",1,6596,"M2e","Nishikigi","1-0 (7-8)",1,"uwatenage",6468,"O1w","Goeido","0-1 (9-6)",0
"2019.01",1,6480,"O1e","Takayasu","0-1 (9-6)",0,"tsukidashi",12107,"M1w","Ichinojo","1-0 (6-9)",1
"2019.01",1,12107,"M1w","Ichinojo","1-0 (6-9)",1,"tsukidashi",6480,"O1e","Takayasu","0-1 (9-6)",0
"2019.01",1,1219,"Y2e","Kakuryu","1-0 (2-4-9)",1,"tsukidashi",6473,"M1e","Tochiozan","0-1 (6-9)",0
"2019.01",1,6473,"M1e","Tochiozan","0-1 (6-9)",0,"tsukidashi",1219,"Y2e","Kakuryu","1-0 (2-4-9)",1
"2019.01",1,1123,"Y1w","Hakuho","1-0 (10-4-1)",1,"hatakikomi",11784,"K1e","Myogiryu","0-1 (5-10)",0
"2019.01",1,11784,"K1e","Myogiryu","0-1 (5-10)",0,"hatakikomi",1123,"Y1w","Hakuho","1-0 (10-4-1)",1
"2019.01",1,1235,"Y1e","Kisenosato","0-1 (0-4)",0,"oshidashi",12210,"K1w","Mitakeumi","1-0 (8-4-3)",1
"2019.01",1,12210,"K1w","Mitakeumi","1-0 (8-4-3)",1,"oshidashi",1235,"Y1e","Kisenosato","0-1 (0-4)",0
"2019.01",2,11972,"Ms1e","Daiseido","0-2 (4-3)",0,"hikiotoshi",12255,"J14w","Chiyonoumi","2-0 (8-5-2)",1
"2019.01",2,12255,"J14w","Chiyonoumi","2-0 (8-5-2)",1,"hikiotoshi",11972,"Ms1e","Daiseido","0-2 (4-3)",0
"2019.01",2,4980,"J12w","Sokokurai","1-1 (8-7)",1,"hatakikomi",6572,"J14e","Gagamaru","1-1 (8-7)",0
"2019.01",2,6572,"J14e","Gagamaru","1-1 (8-7)",0,"hatakikomi",4980,"J12w","Sokokurai","1-1 (8-7)",1
"2019.01",2,7239,"J13e","Kyokushuho","1-1 (9-6)",0,"oshidashi",12024,"J11e","Shimanoumi","2-0 (13-2)",1
"2019.01",2,12024,"J11e","Shimanoumi","2-0 (13-2)",1,"oshidashi",7239,"J13e","Kyokushuho","1-1 (9-6)",0
"2019.01",2,11971,"J13w","Jokoryu","1-1 (5-9-1)",1,"shitatenage",12113,"J11w","Tsurugisho","1-1 (8-7)",0
"2019.01",2,12113,"J11w","Tsurugisho","1-1 (8-7)",0,"shitatenage",11971,"J13w","Jokoryu","1-1 (5-9-1)",1
"2019.01",2,1284,"J12e","Takekaze","0-2 (1-9)",0,"hatakikomi",12203,"J10w","Tobizaru","1-1 (7-8)",1
"2019.01",2,12203,"J10w","Tobizaru","1-1 (7-8)",1,"hatakikomi",1284,"J12e","Takekaze","0-2 (1-9)",0
"2019.01",2,2832,"J10e","Arawashi","1-1 (6-9)",1,"yorikiri",8899,"J9e","Kyokutaisei","1-1 (7-8)",0
"2019.01",2,8899,"J9e","Kyokutaisei","1-1 (7-8)",0,"yorikiri",2832,"J10e","Arawashi","1-1 (6-9)",1
"2019.01",2,12026,"J8w","Hidenoumi","1-1 (6-9)",1,"oshidashi",12406,"J9w","Mitoryu","1-1 (6-9)",0
"2019.01",2,12406,"J9w","Mitoryu","1-1 (6-9)",0,"oshidashi",12026,"J8w","Hidenoumi","1-1 (6-9)",1
"2019.01",2,11723,"J7e","Azumaryu","1-1 (7-8)",1,"uwatenage",12412,"J8e","Enho","1-1 (9-6)",0
"2019.01",2,12412,"J8e","Enho","1-1 (9-6)",0,"uwatenage",11723,"J7e","Azumaryu","1-1 (7-8)",1
"2019.01",2,7240,"J6w","Chiyomaru","2-0 (10-5)",1,"tsukiotoshi",8900,"J7w","Akiseyama","0-2 (6-9)",0
"2019.01",2,8900,"J7w","Akiseyama","0-2 (6-9)",0,"tsukiotoshi",7240,"J6w","Chiyomaru","2-0 (10-5)",1
"2019.01",2,11943,"J6e","Hakuyozan","1-1 (8-7)",0,"yorikiri",12370,"J5e","Wakatakakage","1-1 (7-8)",1
"2019.01",2,12370,"J5e","Wakatakakage","1-1 (7-8)",1,"yorikiri",11943,"J6e","Hakuyozan","1-1 (8-7)",0
"2019.01",2,1227,"J5w","Toyonoshima","1-1 (10-5)",1,"yorikiri",11726,"J4w","Tokushoryu","1-1 (7-8)",0
"2019.01",2,11726,"J4w","Tokushoryu","1-1 (7-8)",0,"yorikiri",1227,"J5w","Toyonoshima","1-1 (10-5)",1
"2019.01",2,89,"J3e","Aminishiki","1-1 (3-12)",1,"hikiotoshi",12427,"J4e","Tomokaze","1-1 (10-5)",0
"2019.01",2,12427,"J4e","Tomokaze","1-1 (10-5)",0,"hikiotoshi",89,"J3e","Aminishiki","1-1 (3-12)",1
"2019.01",2,11868,"J1e","Terutsuyoshi","1-1 (8-7)",0,"okuridashi",12051,"J3w","Ishiura","1-1 (9-6)",1
"2019.01",2,12051,"J3w","Ishiura","1-1 (9-6)",1,"okuridashi",11868,"J1e","Terutsuyoshi","1-1 (8-7)",0
"2019.01",2,11855,"J2w","Takanosho","1-1 (2-4-9)",0,"kotenage",12040,"J1w","Daishoho","1-1 (8-7)",1
"2019.01",2,12040,"J1w","Daishoho","1-1 (8-7)",1,"kotenage",11855,"J2w","Takanosho","1-1 (2-4-9)",0
"2019.01",2,12077,"J2e","Takagenji","1-1 (6-9)",0,"yorikiri",12273,"M16e","Daiamami","1-1 (4-11)",1
"2019.01",2,12273,"M16e","Daiamami","1-1 (4-11)",1,"yorikiri",12077,"J2e","Takagenji","1-1 (6-9)",0
"2019.01",2,6642,"M15e","Chiyonokuni","2-0 (8-3-4)",1,"tsukidashi",7153,"M15w","Kotoeko","1-1 (7-8)",0
"2019.01",2,7153,"M15w","Kotoeko","1-1 (7-8)",0,"tsukidashi",6642,"M15e","Chiyonokuni","2-0 (8-3-4)",1
"2019.01",2,11785,"M14w","Chiyoshoma","1-1 (6-9)",1,"okuridashi",12144,"M16w","Daishomaru","0-2 (3-12)",0
"2019.01",2,12144,"M16w","Daishomaru","0-2 (3-12)",0,"okuridashi",11785,"M14w","Chiyoshoma","1-1 (6-9)",1
"2019.01",2,12292,"M14e","Yutakayama","2-0 (6-9)",1,"oshidashi",12425,"M13e","Yago","1-1 (9-6)",0
"2019.01",2,12425,"M13e","Yago","1-1 (9-6)",0,"oshidashi",12292,"M14e","Yutakayama","2-0 (6-9)",1
"2019.01",2,9079,"M13w","Kotoyuki","1-1 (4-7-4)",1,"oshitaoshi",11946,"M12w","Meisei","0-2 (8-7)",0
"2019.01",2,11946,"M12w","Meisei","0-2 (8-7)",0,"oshitaoshi",9079,"M13w","Kotoyuki","1-1 (4-7-4)",1
"2019.01",2,2879,"M11e","Sadanoumi","1-1 (9-6)",0,"oshitaoshi",11845,"M12e","Kagayaki","1-1 (6-9)",1
"2019.01",2,11845,"M12e","Kagayaki","1-1 (6-9)",1,"oshitaoshi",2879,"M11e","Sadanoumi","1-1 (9-6)",0
"2019.01",2,6491,"M11w","Ikioi","1-1 (9-6)",0,"hikiotoshi",12094,"M10w","Abi","1-1 (10-5)",1
"2019.01",2,12094,"M10w","Abi","1-1 (10-5)",1,"hikiotoshi",6491,"M11w","Ikioi","1-1 (9-6)",0
"2019.01",2,6753,"M8e","Kaisei","2-0 (10-5)",1,"kotenage",11728,"M10e","Takarafuji","0-2 (9-6)",0
"2019.01",2,11728,"M10e","Takarafuji","0-2 (9-6)",0,"kotenage",6753,"M8e","Kaisei","2-0 (10-5)",1
"2019.01",2,12055,"M9w","Endo","2-0 (10-5)",1,"tsukidashi",12291,"M8w","Asanoyama","0-2 (8-7)",0
"2019.01",2,12291,"M8w","Asanoyama","0-2 (8-7)",0,"tsukidashi",12055,"M9w","Endo","2-0 (10-5)",1
"2019.01",2,6594,"M7e","Ryuden","1-1 (6-9)",1,"yorikiri",11934,"M6e","Chiyotairyu","0-2 (8-7)",0
"2019.01",2,11934,"M6e","Chiyotairyu","0-2 (8-7)",0,"yorikiri",6594,"M7e","Ryuden","1-1 (6-9)",1
"2019.01",2,11985,"M7w","Daieisho","1-1 (9-6)",0,"tsukiotoshi",12043,"M6w","Onosho","2-0 (8-7)",1
"2019.01",2,12043,"M6w","Onosho","2-0 (8-7)",1,"tsukiotoshi",11985,"M7w","Daieisho","1-1 (9-6)",0
"2019.01",2,1226,"M4e","Kotoshogiku","1-1 (6-9)",0,"hatakikomi",11786,"M5e","Aoiyama","2-0 (7-8)",1
"2019.01",2,11786,"M5e","Aoiyama","2-0 (7-8)",1,"hatakikomi",1226,"M4e","Kotoshogiku","1-1 (6-9)",0
"2019.01",2,5967,"M5w","Yoshikaze","0-2 (3-12)",0,"koshikudake",6463,"M4w","Okinoumi","1-1 (7-8)",1
"2019.01",2,6463,"M4w","Okinoumi","1-1 (7-8)",1,"koshikudake",5967,"M5w","Yoshikaze","0-2 (3-12)",0
"2019.01",2,6614,"M3w","Shohozan","0-2 (5-10)",0,"oshidashi",12191,"S1e","Takakeisho","2-0 (11-4)",1
"2019.01",2,12191,"S1e","Takakeisho","2-0 (11-4)",1,"oshidashi",6614,"M3w","Shohozan","0-2 (5-10)",0
"2019.01",2,5944,"S1w","Tamawashi","2-0 (13-2)",1,"oshidashi",12130,"M3e","Shodai","0-2 (7-8)",0
"2019.01",2,12130,"M3e","Shodai","0-2 (7-8)",0,"oshidashi",5944,"S1w","Tamawashi","2-0 (13-2)",1
"2019.01",2,6480,"O1e","Takayasu","1-1 (9-6)",1,"oshidashi",11784,"K1e","Myogiryu","0-2 (5-10)",0
"2019.01",2,11784,"K1e","Myogiryu","0-2 (5-10)",0,"oshidashi",6480,"O1e","Takayasu","1-1 (9-6)",1
"2019.01",2,6596,"M2e","Nishikigi","2-0 (7-8)",1,"uwatenage",6599,"O2w","Tochinoshin","0-2 (0-5-10)",0
"2019.01",2,6599,"O2w","Tochinoshin","0-2 (0-5-10)",0,"uwatenage",6596,"M2e","Nishikigi","2-0 (7-8)",1
"2019.01",2,6468,"O1w","Goeido","0-2 (9-6)",0,"oshidashi",12239,"M2w","Hokutofuji","2-0 (9-6)",1
"2019.01",2,12239,"M2w","Hokutofuji","2-0 (9-6)",1,"oshidashi",6468,"O1w","Goeido","0-2 (9-6)",0
"2019.01",2,1235,"Y1e","Kisenosato","0-2 (0-4)",0,"hatakikomi",12107,"M1w","Ichinojo","2-0 (6-9)",1
"2019.01",2,12107,"M1w","Ichinojo","2-0 (6-9)",1,"hatakikomi",1235,"Y1e","Kisenosato","0-2 (0-4)",0
"2019.01",2,1219,"Y2e","Kakuryu","1-1 (2-4-9)",0,"oshidashi",12210,"K1w","Mitakeumi","2-0 (8-4-3)",1
"2019.01",2,12210,"K1w","Mitakeumi","2-0 (8-4-3)",1,"oshidashi",1219,"Y2e","Kakuryu","1-1 (2-4-9)",0
"2019.01",2,1123,"Y1w","Hakuho","2-0 (10-4-1)",1,"tsukiotoshi",6473,"M1e","Tochiozan","0-2 (6-9)",0
"2019.01",2,6473,"M1e","Tochiozan","0-2 (6-9)",0,"tsukiotoshi",1123,"Y1w","Hakuho","2-0 (10-4-1)",1
"2019.01",3,6572,"J14e","Gagamaru","2-1 (8-7)",1,"hatakikomi",12255,"J14w","Chiyonoumi","2-1 (8-5-2)",0
"2019.01",3,12255,"J14w","Chiyonoumi","2-1 (8-5-2)",0,"hatakikomi",6572,"J14e","Gagamaru","2-1 (8-7)",1
"2019.01",3,11949,"Ms2e","Kotodaigo","1-1 (3-4)",0,"yorikiri",11971,"J13w","Jokoryu","2-1 (5-9-1)",1
"2019.01",3,11971,"J13w","Jokoryu","2-1 (5-9-1)",1,"yorikiri",11949,"Ms2e","Kotodaigo","1-1 (3-4)",0
"2019.01",3,1284,"J12e","Takekaze","0-3 (1-9)",0,"oshidashi",7239,"J13e","Kyokushuho","2-1 (9-6)",1
"2019.01",3,7239,"J13e","Kyokushuho","2-1 (9-6)",1,"oshidashi",1284,"J12e","Takekaze","0-3 (1-9)",0
"2019.01",3,4980,"J12w","Sokokurai","1-2 (8-7)",0,"yorikiri",12113,"J11w","Tsurugisho","2-1 (8-7)",1
"2019.01",3,12113,"J11w","Tsurugisho","2-1 (8-7)",1,"yorikiri",4980,"J12w","Sokokurai","1-2 (8-7)",0
"2019.01",3,2832,"J10e","Arawashi","1-2 (6-9)",0,"hatakikomi",12024,"J11e","Shimanoumi","3-0 (13-2)",1
"2019.01",3,12024,"J11e","Shimanoumi","3-0 (13-2)",1,"hatakikomi",2832,"J10e","Arawashi","1-2 (6-9)",0
"2019.01",3,12203,"J10w","Tobizaru","2-1 (7-8)",1,"hikiotoshi",12406,"J9w","Mitoryu","1-2 (6-9)",0
"2019.01",3,12406,"J9w","Mitoryu","1-2 (6-9)",0,"hikiotoshi",12203,"J10w","Tobizaru","2-1 (7-8)",1
"2019.01",3,12026,"J8w","Hidenoumi","2-1 (6-9)",1,"kotenage",12412,"J8e","Enho","1-2 (9-6)",0
"2019.01",3,12412,"J8e","Enho","1-2 (9-6)",0,"kotenage",12026,"J8w","Hidenoumi","2-1 (6-9)",1
"2019.01",3,8899,"J9e","Kyokutaisei","1-2 (7-8)",0,"okuridashi",8900,"J7w","Akiseyama","1-2 (6-9)",1
"2019.01",3,8900,"J7w","Akiseyama","1-2 (6-9)",1,"okuridashi",8899,"J9e","Kyokutaisei","1-2 (7-8)",0
"2019.01",3,11723,"J7e","Azumaryu","1-2 (7-8)",0,"oshidashi",11943,"J6e","Hakuyozan","2-1 (8-7)",1
"2019.01",3,11943,"J6e","Hakuyozan","2-1 (8-7)",1,"oshidashi",11723,"J7e","Azumaryu","1-2 (7-8)",0
"2019.01",3,1227,"J5w","Toyonoshima","1-2 (10-5)",0,"hikiotoshi",7240,"J6w","Chiyomaru","3-0 (10-5)",1
"2019.01",3,7240,"J6w","Chiyomaru","3-0 (10-5)",1,"hikiotoshi",1227,"J5w","Toyonoshima","1-2 (10-5)",0
"2019.01",3,12370,"J5e","Wakatakakage","1-2 (7-8)",0,"uwatenage",12427,"J4e","Tomokaze","2-1 (10-5)",1
"2019.01",3,12427,"J4e","Tomokaze","2-1 (10-5)",1,"uwatenage",12370,"J5e","Wakatakakage","1-2 (7-8)",0
"2019.01",3,89,"J3e","Aminishiki","1-2 (3-12)",0,"oshidashi",11726,"J4w","Tokushoryu","2-1 (7-8)",1
"2019.01",3,11726,"J4w","Tokushoryu","2-1 (7-8)",1,"oshidashi",89,"J3e","Aminishiki","1-2 (3-12)",0
"2019.01",3,11855,"J2w","Takanosho","1-2 (2-4-9)",0,"fusen",12051,"J3w","Ishiura","2-1 (9-6)",1
"2019.01",3,12051,"J3w","Ishiura","2-1 (9-6)",1,"fusen",11855,"J2w","Takanosho","1-2 (2-4-9)",0
"2019.01",3,11868,"J1e","Terutsuyoshi","2-1 (8-7)",1,"oshidashi",12077,"J2e","Takagenji","1-2 (6-9)",0
"2019.01",3,12077,"J2e","Takagenji","1-2 (6-9)",0,"oshidashi",11868,"J1e","Terutsuyoshi","2-1 (8-7)",1
"2019.01",3,7153,"M15w","Kotoeko","2-1 (7-8)",1,"okuridashi",12040,"J1w","Daishoho","1-2 (8-7)",0
"2019.01",3,12040,"J1w","Daishoho","1-2 (8-7)",0,"okuridashi",7153,"M15w","Kotoeko","2-1 (7-8)",1
"2019.01",3,6642,"M15e","Chiyonokuni","3-0 (8-3-4)",1,"oshidashi",12144,"M16w","Daishomaru","0-3 (3-12)",0
"2019.01",3,12144,"M16w","Daishomaru","0-3 (3-12)",0,"oshidashi",6642,"M15e","Chiyonokuni","3-0 (8-3-4)",1
"2019.01",3,11785,"M14w","Chiyoshoma","2-1 (6-9)",1,"uwatenage",12273,"M16e","Daiamami","1-2 (4-11)",0
"2019.01",3,12273,"M16e","Daiamami","1-2 (4-11)",0,"uwatenage",11785,"M14w","Chiyoshoma","2-1 (6-9)",1
"2019.01",3,9079,"M13w","Kotoyuki","1-2 (4-7-4)",0,"okuridashi",12425,"M13e","Yago","2-1 (9-6)",1
"2019.01",3,12425,"M13e","Yago","2-1 (9-6)",1,"okuridashi",9079,"M13w","Kotoyuki","1-2 (4-7-4)",0
"2019.01",3,11946,"M12w","Meisei","1-2 (8-7)",1,"yorikiri",12292,"M14e","Yutakayama","2-1 (6-9)",0
"2019.01",3,12292,"M14e","Yutakayama","2-1 (6-9)",0,"yorikiri",11946,"M12w","Meisei","1-2 (8-7)",1
"2019.01",3,2879,"M11e","Sadanoumi","2-1 (9-6)",1,"yorikiri",6491,"M11w","Ikioi","1-2 (9-6)",0
"2019.01",3,6491,"M11w","Ikioi","1-2 (9-6)",0,"yorikiri",2879,"M11e","Sadanoumi","2-1 (9-6)",1
"2019.01",3,11845,"M12e","Kagayaki","1-2 (6-9)",0,"hatakikomi",12094,"M10w","Abi","2-1 (10-5)",1
"2019.01",3,12094,"M10w","Abi","2-1 (10-5)",1,"hatakikomi",11845,"M12e","Kagayaki","1-2 (6-9)",0
"2019.01",3,11728,"M10e","Takarafuji","1-2 (9-6)",1,"tsukiotoshi",12291,"M8w","Asanoyama","0-3 (8-7)",0
"2019.01",3,12291,"M8w","Asanoyama","0-3 (8-7)",0,"tsukiotoshi",11728,"M10e","Takarafuji","1-2 (9-6)",1
"2019.01",3,6753,"M8e","Kaisei","3-0 (10-5)",1,"uwatenage",12055,"M9w","Endo","2-1 (10-5)",0
"2019.01",3,12055,"M9w","Endo","2-1 (10-5)",0,"uwatenage",6753,"M8e","Kaisei","3-0 (10-5)",1
"2019.01",3,6594,"M7e","Ryuden","1-2 (6-9)",0,"yorikiri",12043,"M6w","Onosho","3-0 (8-7)",1
"2019.01",3,12043,"M6w","Onosho","3-0 (8-7)",1,"yorikiri",6594,"M7e","Ryuden","1-2 (6-9)",0
"2019.01",3,11934,"M6e","Chiyotairyu","1-2 (8-7)",1,"oshidashi",11985,"M7w","Daieisho","1-2 (9-6)",0
"2019.01",3,11985,"M7w","Daieisho","1-2 (9-6)",0,"oshidashi",11934,"M6e","Chiyotairyu","1-2 (8-7)",1
"2019.01",3,6463,"M4w","Okinoumi","1-2 (7-8)",0,"oshidashi",11786,"M5e","Aoiyama","3-0 (7-8)",1
"2019.01",3,11786,"M5e","Aoiyama","3-0 (7-8)",1,"oshidashi",6463,"M4w","Okinoumi","1-2 (7-8)",0
"2019.01",3,1226,"M4e","Kotoshogiku","2-1 (6-9)",1,"yorikiri",5967,"M5w","Yoshikaze","0-3 (3-12)",0
"2019.01",3,5967,"M5w","Yoshikaze","0-3 (3-12)",0,"yorikiri",1226,"M4e","Kotoshogiku","2-1 (6-9)",1
"2019.01",3,6614,"M3w","Shohozan","0-3 (5-10)",0,"oshitaoshi",12130,"M3e","Shodai","1-2 (7-8)",1
"2019.01",3,12130,"M3e","Shodai","1-2 (7-8)",1,"oshitaoshi",6614,"M3w","Shohozan","0-3 (5-10)",0
"2019.01",3,5944,"S1w","Tamawashi","2-1 (13-2)",0,"oshidashi",12191,"S1e","Takakeisho","3-0 (11-4)",1
"2019.01",3,12191,"S1e","Takakeisho","3-0 (11-4)",1,"oshidashi",5944,"S1w","Tamawashi","2-1 (13-2)",0
"2019.01",3,6468,"O1w","Goeido","0-3 (9-6)",0,"sukuinage",12210,"K1w","Mitakeumi","3-0 (8-4-3)",1
"2019.01",3,12210,"K1w","Mitakeumi","3-0 (8-4-3)",1,"sukuinage",6468,"O1w","Goeido","0-3 (9-6)",0
"2019.01",3,6480,"O1e","Takayasu","1-2 (9-6)",0,"okuritaoshi",12239,"M2w","Hokutofuji","3-0 (9-6)",1
"2019.01",3,12239,"M2w","Hokutofuji","3-0 (9-6)",1,"okuritaoshi",6480,"O1e","Takayasu","1-2 (9-6)",0
"2019.01",3,6599,"O2w","Tochinoshin","0-3 (0-5-10)",0,"yorikiri",11784,"K1e","Myogiryu","1-2 (5-10)",1
"2019.01",3,11784,"K1e","Myogiryu","1-2 (5-10)",1,"yorikiri",6599,"O2w","Tochinoshin","0-3 (0-5-10)",0
"2019.01",3,1123,"Y1w","Hakuho","3-0 (10-4-1)",1,"uwatenage",12107,"M1w","Ichinojo","2-1 (6-9)",0
"2019.01",3,12107,"M1w","Ichinojo","2-1 (6-9)",0,"uwatenage",1123,"Y1w","Hakuho","3-0 (10-4-1)",1
"2019.01",3,1235,"Y1e","Kisenosato","0-3 (0-4)",0,"yorikiri",6473,"M1e","Tochiozan","1-2 (6-9)",1
"2019.01",3,6473,"M1e","Tochiozan","1-2 (6-9)",1,"yorikiri",1235,"Y1e","Kisenosato","0-3 (0-4)",0
"2019.01",3,1219,"Y2e","Kakuryu","1-2 (2-4-9)",0,"yorikiri",6596,"M2e","Nishikigi","3-0 (7-8)",1
"2019.01",3,6596,"M2e","Nishikigi","3-0 (7-8)",1,"yorikiri",1219,"Y2e","Kakuryu","1-2 (2-4-9)",0
"2019.01",4,7239,"J13e","Kyokushuho","2-2 (9-6)",0,"oshidashi",12255,"J14w","Chiyonoumi","3-1 (8-5-2)",1
"2019.01",4,12255,"J14w","Chiyonoumi","3-1 (8-5-2)",1,"oshidashi",7239,"J13e","Kyokushuho","2-2 (9-6)",0
"2019.01",4,1284,"J12e","Takekaze","1-3 (1-9)",1,"oshidashi",11971,"J13w","Jokoryu","2-2 (5-9-1)",0
"2019.01",4,11971,"J13w","Jokoryu","2-2 (5-9-1)",0,"oshidashi",1284,"J12e","Takekaze","1-3 (1-9)",1
"2019.01",4,6572,"J14e","Gagamaru","2-2 (8-7)",0,"yorikiri",12113,"J11w","Tsurugisho","3-1 (8-7)",1
"2019.01",4,12113,"J11w","Tsurugisho","3-1 (8-7)",1,"yorikiri",6572,"J14e","Gagamaru","2-2 (8-7)",0
"2019.01",4,4980,"J12w","Sokokurai","1-3 (8-7)",0,"hatakikomi",12203,"J10w","Tobizaru","3-1 (7-8)",1
"2019.01",4,12203,"J10w","Tobizaru","3-1 (7-8)",1,"hatakikomi",4980,"J12w","Sokokurai","1-3 (8-7)",0
"2019.01",4,12024,"J11e","Shimanoumi","4-0 (13-2)",1,"tsukiotoshi",12406,"J9w","Mitoryu","1-3 (6-9)",0
"2019.01",4,12406,"J9w","Mitoryu","1-3 (6-9)",0,"tsukiotoshi",12024,"J11e","Shimanoumi","4-0 (13-2)",1
"2019.01",4,8899,"J9e","Kyokutaisei","1-3 (7-8)",0,"yorikiri",12412,"J8e","Enho","2-2 (9-6)",1
"2019.01",4,12412,"J8e","Enho","2-2 (9-6)",1,"yorikiri",8899,"J9e","Kyokutaisei","1-3 (7-8)",0
"2019.01",4,2832,"J10e","Arawashi","2-2 (6-9)",1,"uwatenage",12026,"J8w","Hidenoumi","2-2 (6-9)",0
"2019.01",4,12026,"J8w","Hidenoumi","2-2 (6-9)",0,"uwatenage",2832,"J10e","Arawashi","2-2 (6-9)",1
"2019.01",4,8900,"J7w","Akiseyama","1-3 (6-9)",0,"uwatenage",11723,"J7e","Azumaryu","2-2 (7-8)",1
"2019.01",4,11723,"J7e","Azumaryu","2-2 (7-8)",1,"uwatenage",8900,"J7w","Akiseyama","1-3 (6-9)",0
"2019.01",4,7240,"J6w","Chiyomaru","3-1 (10-5)",0,"oshidashi",11943,"J6e","Hakuyozan","3-1 (8-7)",1
"2019.01",4,11943,"J6e","Hakuyozan","3-1 (8-7)",1,"oshidashi",7240,"J6w","Chiyomaru","3-1 (10-5)",0
"2019.01",4,1227,"J5w","Toyonoshima","2-2 (10-5)",1,"yorikiri",12370,"J5e","Wakatakakage","1-3 (7-8)",0
"2019.01",4,12370,"J5e","Wakatakakage","1-3 (7-8)",0,"yorikiri",1227,"J5w","Toyonoshima","2-2 (10-5)",1
"2019.01",4,11726,"J4w","Tokushoryu","3-1 (7-8)",1,"yorikiri",12077,"J2e","Takagenji","1-3 (6-9)",0
"2019.01",4,12077,"J2e","Takagenji","1-3 (6-9)",0,"yorikiri",11726,"J4w","Tokushoryu","3-1 (7-8)",1
"2019.01",4,11868,"J1e","Terutsuyoshi","3-1 (8-7)",1,"oshidashi",12427,"J4e","Tomokaze","2-2 (10-5)",0
"2019.01",4,12427,"J4e","Tomokaze","2-2 (10-5)",0,"oshidashi",11868,"J1e","Terutsuyoshi","3-1 (8-7)",1
"2019.01",4,12040,"J1w","Daishoho","1-3 (8-7)",0,"yorikiri",12051,"J3w","Ishiura","3-1 (9-6)",1
"2019.01",4,12051,"J3w","Ishiura","3-1 (9-6)",1,"yorikiri",12040,"J1w","Daishoho","1-3 (8-7)",0
"2019.01",4,89,"J3e","Aminishiki","1-3 (3-12)",0,"tsukidashi",6642,"M15e","Chiyonokuni","4-0 (8-3-4)",1
"2019.01",4,6642,"M15e","Chiyonokuni","4-0 (8-3-4)",1,"tsukidashi",89,"J3e","Aminishiki","1-3 (3-12)",0
"2019.01",4,7153,"M15w","Kotoeko","3-1 (7-8)",1,"hikiotoshi",12144,"M16w","Daishomaru","0-4 (3-12)",0
"2019.01",4,12144,"M16w","Daishomaru","0-4 (3-12)",0,"hikiotoshi",7153,"M15w","Kotoeko","3-1 (7-8)",1
"2019.01",4,12273,"M16e","Daiamami","1-3 (4-11)",0,"oshidashi",12292,"M14e","Yutakayama","3-1 (6-9)",1
"2019.01",4,12292,"M14e","Yutakayama","3-1 (6-9)",1,"oshidashi",12273,"M16e","Daiamami","1-3 (4-11)",0
"2019.01",4,9079,"M13w","Kotoyuki","2-2 (4-7-4)",1,"tsukidashi",11785,"M14w","Chiyoshoma","2-2 (6-9)",0
"2019.01",4,11785,"M14w","Chiyoshoma","2-2 (6-9)",0,"tsukidashi",9079,"M13w","Kotoyuki","2-2 (4-7-4)",1
"2019.01",4,11845,"M12e","Kagayaki","1-3 (6-9)",0,"yorikiri",12425,"M13e","Yago","3-1 (9-6)",1
"2019.01",4,12425,"M13e","Yago","3-1 (9-6)",1,"yorikiri",11845,"M12e","Kagayaki","1-3 (6-9)",0
"2019.01",4,6491,"M11w","Ikioi","1-3 (9-6)",0,"kotenage",11946,"M12w","Meisei","2-2 (8-7)",1
"2019.01",4,11946,"M12w","Meisei","2-2 (8-7)",1,"kotenage",6491,"M11w","Ikioi","1-3 (9-6)",0
"2019.01",4,2879,"M11e","Sadanoumi","2-2 (9-6)",0,"yorikiri",11728,"M10e","Takarafuji","2-2 (9-6)",1
"2019.01",4,11728,"M10e","Takarafuji","2-2 (9-6)",1,"yorikiri",2879,"M11e","Sadanoumi","2-2 (9-6)",0
"2019.01",4,12055,"M9w","Endo","2-2 (10-5)",0,"oshitaoshi",12094,"M10w","Abi","3-1 (10-5)",1
"2019.01",4,12094,"M10w","Abi","3-1 (10-5)",1,"oshitaoshi",12055,"M9w","Endo","2-2 (10-5)",0
"2019.01",4,6594,"M7e","Ryuden","2-2 (6-9)",1,"yorikiri",12291,"M8w","Asanoyama","0-4 (8-7)",0
"2019.01",4,12291,"M8w","Asanoyama","0-4 (8-7)",0,"yorikiri",6594,"M7e","Ryuden","2-2 (6-9)",1
"2019.01",4,6753,"M8e","Kaisei","4-0 (10-5)",1,"oshitaoshi",11985,"M7w","Daieisho","1-3 (9-6)",0
"2019.01",4,11985,"M7w","Daieisho","1-3 (9-6)",0,"oshitaoshi",6753,"M8e","Kaisei","4-0 (10-5)",1
"2019.01",4,11786,"M5e","Aoiyama","3-1 (7-8)",0,"hansoku",12043,"M6w","Onosho","4-0 (8-7)",1
"2019.01",4,12043,"M6w","Onosho","4-0 (8-7)",1,"hansoku",11786,"M5e","Aoiyama","3-1 (7-8)",0
"2019.01",4,5967,"M5w","Yoshikaze","0-4 (3-12)",0,"hatakikomi",11934,"M6e","Chiyotairyu","2-2 (8-7)",1
"2019.01",4,11934,"M6e","Chiyotairyu","2-2 (8-7)",1,"hatakikomi",5967,"M5w","Yoshikaze","0-4 (3-12)",0
"2019.01",4,6463,"M4w","Okinoumi","2-2 (7-8)",1,"oshidashi",12130,"M3e","Shodai","1-3 (7-8)",0
"2019.01",4,12130,"M3e","Shodai","1-3 (7-8)",0,"oshidashi",6463,"M4w","Okinoumi","2-2 (7-8)",1
"2019.01",4,1226,"M4e","Kotoshogiku","2-2 (6-9)",0,"yorikiri",6614,"M3w","Shohozan","1-3 (5-10)",1
"2019.01",4,6614,"M3w","Shohozan","1-3 (5-10)",1,"yorikiri",1226,"M4e","Kotoshogiku","2-2 (6-9)",0
"2019.01",4,12191,"S1e","Takakeisho","3-1 (11-4)",0,"yorikiri",12210,"K1w","Mitakeumi","4-0 (8-4-3)",1
"2019.01",4,12210,"K1w","Mitakeumi","4-0 (8-4-3)",1,"yorikiri",12191,"S1e","Takakeisho","3-1 (11-4)",0
"2019.01",4,5944,"S1w","Tamawashi","3-1 (13-2)",1,"oshidashi",6599,"O2w","Tochinoshin","0-4 (0-5-10)",0
"2019.01",4,6599,"O2w","Tochinoshin","0-4 (0-5-10)",0,"oshidashi",5944,"S1w","Tamawashi","3-1 (13-2)",1
"2019.01",4,6468,"O1w","Goeido","0-4 (9-6)",0,"yorikiri",12107,"M1w","Ichinojo","3-1 (6-9)",1
"2019.01",4,12107,"M1w","Ichinojo","3-1 (6-9)",1,"yorikiri",6468,"O1w","Goeido","0-4 (9-6)",0
"2019.01",4,6473,"M1e","Tochiozan","1-3 (6-9)",0,"tsukidashi",6480,"O1e","Takayasu","2-2 (9-6)",1
"2019.01",4,6480,"O1e","Takayasu","2-2 (9-6)",1,"tsukidashi",6473,"M1e","Tochiozan","1-3 (6-9)",0
"2019.01",4,1219,"Y2e","Kakuryu","2-2 (2-4-9)",1,"oshidashi",11784,"K1e","Myogiryu","1-3 (5-10)",0
"2019.01",4,11784,"K1e","Myogiryu","1-3 (5-10)",0,"oshidashi",1219,"Y2e","Kakuryu","2-2 (2-4-9)",1
"2019.01",4,1123,"Y1w","Hakuho","4-0 (10-4-1)",1,"tsukiotoshi",12239,"M2w","Hokutofuji","3-1 (9-6)",0
"2019.01",4,12239,"M2w","Hokutofuji","3-1 (9-6)",0,"tsukiotoshi",1123,"Y1w","Hakuho","4-0 (10-4-1)",1
"2019.01",4,1235,"Y1e","Kisenosato","0-4",0,"fusen",6596,"M2e","Nishikigi","4-0 (7-8)",1
"2019.01",4,6596,"M2e","Nishikigi","4-0 (7-8)",1,"fusen",1235,"Y1e","Kisenosato","0-4",0
"2019.01",5,7239,"J13e","Kyokushuho","2-3 (9-6)",0,"yorikiri",12367,"Ms2w","Ryuko","1-2 (4-3)",1
"2019.01",5,12367,"Ms2w","Ryuko","1-2 (4-3)",1,"yorikiri",7239,"J13e","Kyokushuho","2-3 (9-6)",0
"2019.01",5,4980,"J12w","Sokokurai","2-3 (8-7)",1,"yorikiri",11971,"J13w","Jokoryu","2-3 (5-9-1)",0
"2019.01",5,11971,"J13w","Jokoryu","2-3 (5-9-1)",0,"yorikiri",4980,"J12w","Sokokurai","2-3 (8-7)",1
"2019.01",5,1284,"J12e","Takekaze","1-4 (1-9)",0,"oshidashi",6572,"J14e","Gagamaru","3-2 (8-7)",1
"2019.01",5,6572,"J14e","Gagamaru","3-2 (8-7)",1,"oshidashi",1284,"J12e","Takekaze","1-4 (1-9)",0
"2019.01",5,12024,"J11e","Shimanoumi","5-0 (13-2)",1,"tsukidashi",12255,"J14w","Chiyonoumi","3-2 (8-5-2)",0
"2019.01",5,12255,"J14w","Chiyonoumi","3-2 (8-5-2)",0,"tsukidashi",12024,"J11e","Shimanoumi","5-0 (13-2)",1
"2019.01",5,2832,"J10e","Arawashi","2-3 (6-9)",0,"uwatenage",12113,"J11w","Tsurugisho","4-1 (8-7)",1
"2019.01",5,12113,"J11w","Tsurugisho","4-1 (8-7)",1,"uwatenage",2832,"J10e","Arawashi","2-3 (6-9)",0
"2019.01",5,8899,"J9e","Kyokutaisei","2-3 (7-8)",1,"uwatenage",12203,"J10w","Tobizaru","3-2 (7-8)",0
"2019.01",5,12203,"J10w","Tobizaru","3-2 (7-8)",0,"uwatenage",8899,"J9e","Kyokutaisei","2-3 (7-8)",1
"2019.01",5,12406,"J9w","Mitoryu","1-4 (6-9)",0,"yorikiri",12412,"J8e","Enho","3-2 (9-6)",1
"2019.01",5,12412,"J8e","Enho","3-2 (9-6)",1,"yorikiri",12406,"J9w","Mitoryu","1-4 (6-9)",0
"2019.01",5,11723,"J7e","Azumaryu","2-3 (7-8)",0,"yorikiri",12026,"J8w","Hidenoumi","3-2 (6-9)",1
"2019.01",5,12026,"J8w","Hidenoumi","3-2 (6-9)",1,"yorikiri",11723,"J7e","Azumaryu","2-3 (7-8)",0
"2019.01",5,8900,"J7w","Akiseyama","1-4 (6-9)",0,"yorikiri",11943,"J6e","Hakuyozan","4-1 (8-7)",1
"2019.01",5,11943,"J6e","Hakuyozan","4-1 (8-7)",1,"yorikiri",8900,"J7w","Akiseyama","1-4 (6-9)",0
"2019.01",5,7240,"J6w","Chiyomaru","4-1 (10-5)",1,"oshitaoshi",12370,"J5e","Wakatakakage","1-4 (7-8)",0
"2019.01",5,12370,"J5e","Wakatakakage","1-4 (7-8)",0,"oshitaoshi",7240,"J6w","Chiyomaru","4-1 (10-5)",1
"2019.01",5,1227,"J5w","Toyonoshima","3-2 (10-5)",1,"oshidashi",12427,"J4e","Tomokaze","2-3 (10-5)",0
"2019.01",5,12427,"J4e","Tomokaze","2-3 (10-5)",0,"oshidashi",1227,"J5w","Toyonoshima","3-2 (10-5)",1
"2019.01",5,11726,"J4w","Tokushoryu","3-2 (7-8)",0,"hikiotoshi",12051,"J3w","Ishiura","4-1 (9-6)",1
"2019.01",5,12051,"J3w","Ishiura","4-1 (9-6)",1,"hikiotoshi",11726,"J4w","Tokushoryu","3-2 (7-8)",0
"2019.01",5,89,"J3e","Aminishiki","1-4 (3-12)",0,"yorikiri",12077,"J2e","Takagenji","2-3 (6-9)",1
"2019.01",5,12077,"J2e","Takagenji","2-3 (6-9)",1,"yorikiri",89,"J3e","Aminishiki","1-4 (3-12)",0
"2019.01",5,11868,"J1e","Terutsuyoshi","4-1 (8-7)",1,"yorikiri",12040,"J1w","Daishoho","1-4 (8-7)",0
"2019.01",5,12040,"J1w","Daishoho","1-4 (8-7)",0,"yorikiri",11868,"J1e","Terutsuyoshi","4-1 (8-7)",1
"2019.01",5,7153,"M15w","Kotoeko","3-2 (7-8)",0,"uwatenage",12273,"M16e","Daiamami","2-3 (4-11)",1
"2019.01",5,12273,"M16e","Daiamami","2-3 (4-11)",1,"uwatenage",7153,"M15w","Kotoeko","3-2 (7-8)",0
"2019.01",5,11785,"M14w","Chiyoshoma","3-2 (6-9)",1,"katasukashi",12292,"M14e","Yutakayama","3-2 (6-9)",0
"2019.01",5,12292,"M14e","Yutakayama","3-2 (6-9)",0,"katasukashi",11785,"M14w","Chiyoshoma","3-2 (6-9)",1
"2019.01",5,9079,"M13w","Kotoyuki","3-2 (4-7-4)",1,"oshidashi",12144,"M16w","Daishomaru","0-5 (3-12)",0
"2019.01",5,12144,"M16w","Daishomaru","0-5 (3-12)",0,"oshidashi",9079,"M13w","Kotoyuki","3-2 (4-7-4)",1
"2019.01",5,6642,"M15e","Chiyonokuni","4-1 (8-3-4)",0,"hikiotoshi",12425,"M13e","Yago","4-1 (9-6)",1
"2019.01",5,12425,"M13e","Yago","4-1 (9-6)",1,"hikiotoshi",6642,"M15e","Chiyonokuni","4-1 (8-3-4)",0
"2019.01",5,11845,"M12e","Kagayaki","1-4 (6-9)",0,"tottari",11946,"M12w","Meisei","3-2 (8-7)",1
"2019.01",5,11946,"M12w","Meisei","3-2 (8-7)",1,"tottari",11845,"M12e","Kagayaki","1-4 (6-9)",0
"2019.01",5,6491,"M11w","Ikioi","2-3 (9-6)",1,"oshidashi",11728,"M10e","Takarafuji","2-3 (9-6)",0
"2019.01",5,11728,"M10e","Takarafuji","2-3 (9-6)",0,"oshidashi",6491,"M11w","Ikioi","2-3 (9-6)",1
"2019.01",5,2879,"M11e","Sadanoumi","2-3 (9-6)",0,"abisetaoshi",12055,"M9w","Endo","3-2 (10-5)",1
"2019.01",5,12055,"M9w","Endo","3-2 (10-5)",1,"abisetaoshi",2879,"M11e","Sadanoumi","2-3 (9-6)",0
"2019.01",5,6753,"M8e","Kaisei","5-0 (10-5)",1,"oshidashi",12094,"M10w","Abi","3-2 (10-5)",0
"2019.01",5,12094,"M10w","Abi","3-2 (10-5)",0,"oshidashi",6753,"M8e","Kaisei","5-0 (10-5)",1
"2019.01",5,11985,"M7w","Daieisho","2-3 (9-6)",1,"hikiotoshi",12291,"M8w","Asanoyama","0-5 (8-7)",0
"2019.01",5,12291,"M8w","Asanoyama","0-5 (8-7)",0,"hikiotoshi",11985,"M7w","Daieisho","2-3 (9-6)",1
"2019.01",5,5967,"M5w","Yoshikaze","0-5 (3-12)",0,"tsukidashi",12043,"M6w","Onosho","5-0 (8-7)",1
"2019.01",5,12043,"M6w","Onosho","5-0 (8-7)",1,"tsukidashi",5967,"M5w","Yoshikaze","0-5 (3-12)",0
"2019.01",5,6594,"M7e","Ryuden","2-3 (6-9)",0,"hatakikomi",11786,"M5e","Aoiyama","4-1 (7-8)",1
"2019.01",5,11786,"M5e","Aoiyama","4-1 (7-8)",1,"hatakikomi",6594,"M7e","Ryuden","2-3 (6-9)",0
"2019.01",5,6463,"M4w","Okinoumi","3-2 (7-8)",1,"uwatenage",11934,"M6e","Chiyotairyu","2-3 (8-7)",0
"2019.01",5,11934,"M6e","Chiyotairyu","2-3 (8-7)",0,"uwatenage",6463,"M4w","Okinoumi","3-2 (7-8)",1
"2019.01",5,1226,"M4e","Kotoshogiku","3-2 (6-9)",1,"oshidashi",12239,"M2w","Hokutofuji","3-2 (9-6)",0
"2019.01",5,12239,"M2w","Hokutofuji","3-2 (9-6)",0,"oshidashi",1226,"M4e","Kotoshogiku","3-2 (6-9)",1
"2019.01",5,5944,"S1w","Tamawashi","3-2 (13-2)",0,"oshidashi",12210,"K1w","Mitakeumi","5-0 (8-4-3)",1
"2019.01",5,12210,"K1w","Mitakeumi","5-0 (8-4-3)",1,"oshidashi",5944,"S1w","Tamawashi","3-2 (13-2)",0
"2019.01",5,11784,"K1e","Myogiryu","1-4 (5-10)",0,"oshidashi",12191,"S1e","Takakeisho","4-1 (11-4)",1
"2019.01",5,12191,"S1e","Takakeisho","4-1 (11-4)",1,"oshidashi",11784,"K1e","Myogiryu","1-4 (5-10)",0
"2019.01",5,6480,"O1e","Takayasu","2-3 (9-6)",0,"yoritaoshi",12130,"M3e","Shodai","2-3 (7-8)",1
"2019.01",5,12130,"M3e","Shodai","2-3 (7-8)",1,"yoritaoshi",6480,"O1e","Takayasu","2-3 (9-6)",0
"2019.01",5,6599,"O2w","Tochinoshin","0-5 (0-5-10)",0,"fusen",6614,"M3w","Shohozan","2-3 (5-10)",1
"2019.01",5,6614,"M3w","Shohozan","2-3 (5-10)",1,"fusen",6599,"O2w","Tochinoshin","0-5 (0-5-10)",0
"2019.01",5,6468,"O1w","Goeido","1-4 (9-6)",1,"yorikiri",6473,"M1e","Tochiozan","1-4 (6-9)",0
"2019.01",5,6473,"M1e","Tochiozan","1-4 (6-9)",0,"yorikiri",6468,"O1w","Goeido","1-4 (9-6)",1
"2019.01",5,1219,"Y2e","Kakuryu","2-3 (2-4-9)",0,"yorikiri",12107,"M1w","Ichinojo","4-1 (6-9)",1
"2019.01",5,12107,"M1w","Ichinojo","4-1 (6-9)",1,"yorikiri",1219,"Y2e","Kakuryu","2-3 (2-4-9)",0
"2019.01",5,1123,"Y1w","Hakuho","5-0 (10-4-1)",1,"uwatenage",6596,"M2e","Nishikigi","4-1 (7-8)",0
"2019.01",5,6596,"M2e","Nishikigi","4-1 (7-8)",0,"uwatenage",1123,"Y1w","Hakuho","5-0 (10-4-1)",1
"2019.01",6,6572,"J14e","Gagamaru","4-2 (8-7)",1,"yorikiri",7239,"J13e","Kyokushuho","2-4 (9-6)",0
"2019.01",6,7239,"J13e","Kyokushuho","2-4 (9-6)",0,"yorikiri",6572,"J14e","Gagamaru","4-2 (8-7)",1
"2019.01",6,4980,"J12w","Sokokurai","2-4 (8-7)",0,"oshidashi",12255,"J14w","Chiyonoumi","4-2 (8-5-2)",1
"2019.01",6,12255,"J14w","Chiyonoumi","4-2 (8-5-2)",1,"oshidashi",4980,"J12w","Sokokurai","2-4 (8-7)",0
"2019.01",6,12024,"J11e","Shimanoumi","6-0 (13-2)",1,"yorikiri",12113,"J11w","Tsurugisho","4-2 (8-7)",0
"2019.01",6,12113,"J11w","Tsurugisho","4-2 (8-7)",0,"yorikiri",12024,"J11e","Shimanoumi","6-0 (13-2)",1
"2019.01",6,1284,"J12e","Takekaze","1-5 (1-9)",0,"yorikiri",2832,"J10e","Arawashi","3-3 (6-9)",1
"2019.01",6,2832,"J10e","Arawashi","3-3 (6-9)",1,"yorikiri",1284,"J12e","Takekaze","1-5 (1-9)",0
"2019.01",6,11971,"J13w","Jokoryu","3-3 (5-9-1)",1,"oshidashi",12203,"J10w","Tobizaru","3-3 (7-8)",0
"2019.01",6,12203,"J10w","Tobizaru","3-3 (7-8)",0,"oshidashi",11971,"J13w","Jokoryu","3-3 (5-9-1)",1
"2019.01",6,8899,"J9e","Kyokutaisei","3-3 (7-8)",1,"hatakikomi",12406,"J9w","Mitoryu","1-5 (6-9)",0
"2019.01",6,12406,"J9w","Mitoryu","1-5 (6-9)",0,"hatakikomi",8899,"J9e","Kyokutaisei","3-3 (7-8)",1
"2019.01",6,11943,"J6e","Hakuyozan","4-2 (8-7)",0,"yorikiri",12026,"J8w","Hidenoumi","4-2 (6-9)",1
"2019.01",6,12026,"J8w","Hidenoumi","4-2 (6-9)",1,"yorikiri",11943,"J6e","Hakuyozan","4-2 (8-7)",0
"2019.01",6,7240,"J6w","Chiyomaru","5-1 (10-5)",1,"uwatenage",12412,"J8e","Enho","3-3 (9-6)",0
"2019.01",6,12412,"J8e","Enho","3-3 (9-6)",0,"uwatenage",7240,"J6w","Chiyomaru","5-1 (10-5)",1
"2019.01",6,8900,"J7w","Akiseyama","2-4 (6-9)",1,"kotenage",12370,"J5e","Wakatakakage","1-5 (7-8)",0
"2019.01",6,12370,"J5e","Wakatakakage","1-5 (7-8)",0,"kotenage",8900,"J7w","Akiseyama","2-4 (6-9)",1
"2019.01",6,1227,"J5w","Toyonoshima","3-3 (10-5)",0,"yorikiri",11723,"J7e","Azumaryu","3-3 (7-8)",1
"2019.01",6,11723,"J7e","Azumaryu","3-3 (7-8)",1,"yorikiri",1227,"J5w","Toyonoshima","3-3 (10-5)",0
"2019.01",6,12077,"J2e","Takagenji","2-4 (6-9)",0,"oshidashi",12427,"J4e","Tomokaze","3-3 (10-5)",1
"2019.01",6,12427,"J4e","Tomokaze","3-3 (10-5)",1,"oshidashi",12077,"J2e","Takagenji","2-4 (6-9)",0
"2019.01",6,11726,"J4w","Tokushoryu","3-3 (7-8)",0,"hikiotoshi",11868,"J1e","Terutsuyoshi","5-1 (8-7)",1
"2019.01",6,11868,"J1e","Terutsuyoshi","5-1 (8-7)",1,"hikiotoshi",11726,"J4w","Tokushoryu","3-3 (7-8)",0
"2019.01",6,89,"J3e","Aminishiki","1-5 (3-12)",0,"hatakikomi",12040,"J1w","Daishoho","2-4 (8-7)",1
"2019.01",6,12040,"J1w","Daishoho","2-4 (8-7)",1,"hatakikomi",89,"J3e","Aminishiki","1-5 (3-12)",0
"2019.01",6,12144,"M16w","Daishomaru","0-6 (3-12)",0,"oshidashi",12292,"M14e","Yutakayama","4-2 (6-9)",1
"2019.01",6,12292,"M14e","Yutakayama","4-2 (6-9)",1,"oshidashi",12144,"M16w","Daishomaru","0-6 (3-12)",0
"2019.01",6,11785,"M14w","Chiyoshoma","3-3 (6-9)",0,"shitatehineri",12051,"J3w","Ishiura","5-1 (9-6)",1
"2019.01",6,12051,"J3w","Ishiura","5-1 (9-6)",1,"shitatehineri",11785,"M14w","Chiyoshoma","3-3 (6-9)",0
"2019.01",6,7153,"M15w","Kotoeko","3-3 (7-8)",0,"yorikiri",12425,"M13e","Yago","5-1 (9-6)",1
"2019.01",6,12425,"M13e","Yago","5-1 (9-6)",1,"yorikiri",7153,"M15w","Kotoeko","3-3 (7-8)",0
"2019.01",6,6642,"M15e","Chiyonokuni","5-1 (8-3-4)",1,"hatakikomi",9079,"M13w","Kotoyuki","3-3 (4-7-4)",0
"2019.01",6,9079,"M13w","Kotoyuki","3-3 (4-7-4)",0,"hatakikomi",6642,"M15e","Chiyonokuni","5-1 (8-3-4)",1
"2019.01",6,11946,"M12w","Meisei","4-2 (8-7)",1,"oshitaoshi",12273,"M16e","Daiamami","2-4 (4-11)",0
"2019.01",6,12273,"M16e","Daiamami","2-4 (4-11)",0,"oshitaoshi",11946,"M12w","Meisei","4-2 (8-7)",1
"2019.01",6,11728,"M10e","Takarafuji","3-3 (9-6)",1,"uwatenage",11845,"M12e","Kagayaki","1-5 (6-9)",0
"2019.01",6,11845,"M12e","Kagayaki","1-5 (6-9)",0,"uwatenage",11728,"M10e","Takarafuji","3-3 (9-6)",1
"2019.01",6,6491,"M11w","Ikioi","3-3 (9-6)",1,"oshidashi",12055,"M9w","Endo","3-3 (10-5)",0
"2019.01",6,12055,"M9w","Endo","3-3 (10-5)",0,"oshidashi",6491,"M11w","Ikioi","3-3 (9-6)",1
"2019.01",6,2879,"M11e","Sadanoumi","3-3 (9-6)",1,"yorikiri",6753,"M8e","Kaisei","5-1 (10-5)",0
"2019.01",6,6753,"M8e","Kaisei","5-1 (10-5)",0,"yorikiri",2879,"M11e","Sadanoumi","3-3 (9-6)",1
"2019.01",6,12094,"M10w","Abi","3-3 (10-5)",0,"oshidashi",12291,"M8w","Asanoyama","1-5 (8-7)",1
"2019.01",6,12291,"M8w","Asanoyama","1-5 (8-7)",1,"oshidashi",12094,"M10w","Abi","3-3 (10-5)",0
"2019.01",6,11786,"M5e","Aoiyama","5-1 (7-8)",1,"hatakikomi",11985,"M7w","Daieisho","2-4 (9-6)",0
"2019.01",6,11985,"M7w","Daieisho","2-4 (9-6)",0,"hatakikomi",11786,"M5e","Aoiyama","5-1 (7-8)",1
"2019.01",6,5967,"M5w","Yoshikaze","1-5 (3-12)",1,"yorikiri",6594,"M7e","Ryuden","2-4 (6-9)",0
"2019.01",6,6594,"M7e","Ryuden","2-4 (6-9)",0,"yorikiri",5967,"M5w","Yoshikaze","1-5 (3-12)",1
"2019.01",6,1226,"M4e","Kotoshogiku","4-2 (6-9)",1,"yorikiri",11934,"M6e","Chiyotairyu","2-4 (8-7)",0
"2019.01",6,11934,"M6e","Chiyotairyu","2-4 (8-7)",0,"yorikiri",1226,"M4e","Kotoshogiku","4-2 (6-9)",1
"2019.01",6,6463,"M4w","Okinoumi","3-3 (7-8)",0,"oshidashi",12043,"M6w","Onosho","6-0 (8-7)",1
"2019.01",6,12043,"M6w","Onosho","6-0 (8-7)",1,"oshidashi",6463,"M4w","Okinoumi","3-3 (7-8)",0
"2019.01",6,11784,"K1e","Myogiryu","2-4 (5-10)",1,"oshidashi",12210,"K1w","Mitakeumi","5-1 (8-4-3)",0
"2019.01",6,12210,"K1w","Mitakeumi","5-1 (8-4-3)",0,"oshidashi",11784,"K1e","Myogiryu","2-4 (5-10)",1
"2019.01",6,6473,"M1e","Tochiozan","2-4 (6-9)",1,"okuridashi",12191,"S1e","Takakeisho","4-2 (11-4)",0
"2019.01",6,12191,"S1e","Takakeisho","4-2 (11-4)",0,"okuridashi",6473,"M1e","Tochiozan","2-4 (6-9)",1
"2019.01",6,5944,"S1w","Tamawashi","4-2 (13-2)",1,"oshidashi",12107,"M1w","Ichinojo","4-2 (6-9)",0
"2019.01",6,12107,"M1w","Ichinojo","4-2 (6-9)",0,"oshidashi",5944,"S1w","Tamawashi","4-2 (13-2)",1
"2019.01",6,6468,"O1w","Goeido","2-4 (9-6)",1,"yorikiri",6614,"M3w","Shohozan","2-4 (5-10)",0
"2019.01",6,6614,"M3w","Shohozan","2-4 (5-10)",0,"yorikiri",6468,"O1w","Goeido","2-4 (9-6)",1
"2019.01",6,6480,"O1e","Takayasu","3-3 (9-6)",1,"yorikiri",6596,"M2e","Nishikigi","4-2 (7-8)",0
"2019.01",6,6596,"M2e","Nishikigi","4-2 (7-8)",0,"yorikiri",6480,"O1e","Takayasu","3-3 (9-6)",1
"2019.01",6,1123,"Y1w","Hakuho","6-0 (10-4-1)",1,"yorikiri",12130,"M3e","Shodai","2-4 (7-8)",0
"2019.01",6,12130,"M3e","Shodai","2-4 (7-8)",0,"yorikiri",1123,"Y1w","Hakuho","6-0 (10-4-1)",1
"2019.01",6,1219,"Y2e","Kakuryu","2-4 (2-4-9)",0,"fusen",12239,"M2w","Hokutofuji","4-2 (9-6)",1
"2019.01",6,12239,"M2w","Hokutofuji","4-2 (9-6)",1,"fusen",1219,"Y2e","Kakuryu","2-4 (2-4-9)",0
"2019.01",7,7239,"J13e","Kyokushuho","3-4 (9-6)",1,"uwatenage",11971,"J13w","Jokoryu","3-4 (5-9-1)",0
"2019.01",7,11971,"J13w","Jokoryu","3-4 (5-9-1)",0,"uwatenage",7239,"J13e","Kyokushuho","3-4 (9-6)",1
"2019.01",7,4980,"J12w","Sokokurai","2-5 (8-7)",0,"yorikiri",12076,"Ms3e","Takanofuji","3-1 (5-2)",1
"2019.01",7,12076,"Ms3e","Takanofuji","3-1 (5-2)",1,"yorikiri",4980,"J12w","Sokokurai","2-5 (8-7)",0
"2019.01",7,12113,"J11w","Tsurugisho","5-2 (8-7)",1,"yorikiri",12255,"J14w","Chiyonoumi","4-3 (8-5-2)",0
"2019.01",7,12255,"J14w","Chiyonoumi","4-3 (8-5-2)",0,"yorikiri",12113,"J11w","Tsurugisho","5-2 (8-7)",1
"2019.01",7,1284,"J12e","Takekaze","1-6 (1-9)",0,"oshidashi",12024,"J11e","Shimanoumi","7-0 (13-2)",1
"2019.01",7,12024,"J11e","Shimanoumi","7-0 (13-2)",1,"oshidashi",1284,"J12e","Takekaze","1-6 (1-9)",0
"2019.01",7,6572,"J14e","Gagamaru","4-3 (8-7)",0,"hatakikomi",12203,"J10w","Tobizaru","4-3 (7-8)",1
"2019.01",7,12203,"J10w","Tobizaru","4-3 (7-8)",1,"hatakikomi",6572,"J14e","Gagamaru","4-3 (8-7)",0
"2019.01",7,2832,"J10e","Arawashi","3-4 (6-9)",0,"oshidashi",12412,"J8e","Enho","4-3 (9-6)",1
"2019.01",7,12412,"J8e","Enho","4-3 (9-6)",1,"oshidashi",2832,"J10e","Arawashi","3-4 (6-9)",0
"2019.01",7,8900,"J7w","Akiseyama","3-4 (6-9)",1,"shitatedashinage",12406,"J9w","Mitoryu","1-6 (6-9)",0
"2019.01",7,12406,"J9w","Mitoryu","1-6 (6-9)",0,"shitatedashinage",8900,"J7w","Akiseyama","3-4 (6-9)",1
"2019.01",7,8899,"J9e","Kyokutaisei","4-3 (7-8)",1,"oshidashi",11723,"J7e","Azumaryu","3-4 (7-8)",0
"2019.01",7,11723,"J7e","Azumaryu","3-4 (7-8)",0,"oshidashi",8899,"J9e","Kyokutaisei","4-3 (7-8)",1
"2019.01",7,7240,"J6w","Chiyomaru","6-1 (10-5)",1,"sukuinage",12026,"J8w","Hidenoumi","4-3 (6-9)",0
"2019.01",7,12026,"J8w","Hidenoumi","4-3 (6-9)",0,"sukuinage",7240,"J6w","Chiyomaru","6-1 (10-5)",1
"2019.01",7,11726,"J4w","Tokushoryu","4-3 (7-8)",1,"yorikiri",11943,"J6e","Hakuyozan","4-3 (8-7)",0
"2019.01",7,11943,"J6e","Hakuyozan","4-3 (8-7)",0,"yorikiri",11726,"J4w","Tokushoryu","4-3 (7-8)",1
"2019.01",7,89,"J3e","Aminishiki","1-6 (3-12)",0,"yorikiri",1227,"J5w","Toyonoshima","4-3 (10-5)",1
"2019.01",7,1227,"J5w","Toyonoshima","4-3 (10-5)",1,"yorikiri",89,"J3e","Aminishiki","1-6 (3-12)",0
"2019.01",7,12051,"J3w","Ishiura","5-2 (9-6)",0,"tsukidashi",12077,"J2e","Takagenji","3-4 (6-9)",1
"2019.01",7,12077,"J2e","Takagenji","3-4 (6-9)",1,"tsukidashi",12051,"J3w","Ishiura","5-2 (9-6)",0
"2019.01",7,12040,"J1w","Daishoho","3-4 (8-7)",1,"uwatenage",12427,"J4e","Tomokaze","3-4 (10-5)",0
"2019.01",7,12427,"J4e","Tomokaze","3-4 (10-5)",0,"uwatenage",12040,"J1w","Daishoho","3-4 (8-7)",1
"2019.01",7,11868,"J1e","Terutsuyoshi","6-1 (8-7)",1,"tsukiotoshi",12370,"J5e","Wakatakakage","1-6 (7-8)",0
"2019.01",7,12370,"J5e","Wakatakakage","1-6 (7-8)",0,"tsukiotoshi",11868,"J1e","Terutsuyoshi","6-1 (8-7)",1
"2019.01",7,6642,"M15e","Chiyonokuni","6-1 (8-3-4)",1,"kubinage",12292,"M14e","Yutakayama","4-3 (6-9)",0
"2019.01",7,12292,"M14e","Yutakayama","4-3 (6-9)",0,"kubinage",6642,"M15e","Chiyonokuni","6-1 (8-3-4)",1
"2019.01",7,9079,"M13w","Kotoyuki","4-3 (4-7-4)",1,"tsukidashi",12273,"M16e","Daiamami","2-5 (4-11)",0
"2019.01",7,12273,"M16e","Daiamami","2-5 (4-11)",0,"tsukidashi",9079,"M13w","Kotoyuki","4-3 (4-7-4)",1
"2019.01",7,12144,"M16w","Daishomaru","0-7 (3-12)",0,"oshidashi",12425,"M13e","Yago","6-1 (9-6)",1
"2019.01",7,12425,"M13e","Yago","6-1 (9-6)",1,"oshidashi",12144,"M16w","Daishomaru","0-7 (3-12)",0
"2019.01",7,7153,"M15w","Kotoeko","3-4 (7-8)",0,"tsukidashi",11946,"M12w","Meisei","5-2 (8-7)",1
"2019.01",7,11946,"M12w","Meisei","5-2 (8-7)",1,"tsukidashi",7153,"M15w","Kotoeko","3-4 (7-8)",0
"2019.01",7,6491,"M11w","Ikioi","4-3 (9-6)",1,"yorikiri",11785,"M14w","Chiyoshoma","3-4 (6-9)",0
"2019.01",7,11785,"M14w","Chiyoshoma","3-4 (6-9)",0,"yorikiri",6491,"M11w","Ikioi","4-3 (9-6)",1
"2019.01",7,11728,"M10e","Takarafuji","3-4 (9-6)",0,"oshidashi",12094,"M10w","Abi","4-3 (10-5)",1
"2019.01",7,12094,"M10w","Abi","4-3 (10-5)",1,"oshidashi",11728,"M10e","Takarafuji","3-4 (9-6)",0
"2019.01",7,11845,"M12e","Kagayaki","1-6 (6-9)",0,"yorikiri",12055,"M9w","Endo","4-3 (10-5)",1
"2019.01",7,12055,"M9w","Endo","4-3 (10-5)",1,"yorikiri",11845,"M12e","Kagayaki","1-6 (6-9)",0
"2019.01",7,2879,"M11e","Sadanoumi","3-4 (9-6)",0,"tsukiotoshi",12291,"M8w","Asanoyama","2-5 (8-7)",1
"2019.01",7,12291,"M8w","Asanoyama","2-5 (8-7)",1,"tsukiotoshi",2879,"M11e","Sadanoumi","3-4 (9-6)",0
"2019.01",7,6753,"M8e","Kaisei","6-1 (10-5)",1,"tsukidashi",12043,"M6w","Onosho","6-1 (8-7)",0
"2019.01",7,12043,"M6w","Onosho","6-1 (8-7)",0,"tsukidashi",6753,"M8e","Kaisei","6-1 (10-5)",1
"2019.01",7,5967,"M5w","Yoshikaze","1-6 (3-12)",0,"oshidashi",11985,"M7w","Daieisho","3-4 (9-6)",1
"2019.01",7,11985,"M7w","Daieisho","3-4 (9-6)",1,"oshidashi",5967,"M5w","Yoshikaze","1-6 (3-12)",0
"2019.01",7,11786,"M5e","Aoiyama","5-2 (7-8)",0,"hatakikomi",11934,"M6e","Chiyotairyu","3-4 (8-7)",1
"2019.01",7,11934,"M6e","Chiyotairyu","3-4 (8-7)",1,"hatakikomi",11786,"M5e","Aoiyama","5-2 (7-8)",0
"2019.01",7,6463,"M4w","Okinoumi","4-3 (7-8)",1,"uwatenage",6594,"M7e","Ryuden","2-5 (6-9)",0
"2019.01",7,6594,"M7e","Ryuden","2-5 (6-9)",0,"uwatenage",6463,"M4w","Okinoumi","4-3 (7-8)",1
"2019.01",7,12210,"K1w","Mitakeumi","5-2 (8-4-3)",0,"fusen",12239,"M2w","Hokutofuji","5-2 (9-6)",1
"2019.01",7,12239,"M2w","Hokutofuji","5-2 (9-6)",1,"fusen",12210,"K1w","Mitakeumi","5-2 (8-4-3)",0
"2019.01",7,6596,"M2e","Nishikigi","4-3 (7-8)",0,"yorikiri",11784,"K1e","Myogiryu","3-4 (5-10)",1
"2019.01",7,11784,"K1e","Myogiryu","3-4 (5-10)",1,"yorikiri",6596,"M2e","Nishikigi","4-3 (7-8)",0
"2019.01",7,5944,"S1w","Tamawashi","5-2 (13-2)",1,"oshidashi",6473,"M1e","Tochiozan","2-5 (6-9)",0
"2019.01",7,6473,"M1e","Tochiozan","2-5 (6-9)",0,"oshidashi",5944,"S1w","Tamawashi","5-2 (13-2)",1
"2019.01",7,12107,"M1w","Ichinojo","4-3 (6-9)",0,"oshidashi",12191,"S1e","Takakeisho","5-2 (11-4)",1
"2019.01",7,12191,"S1e","Takakeisho","5-2 (11-4)",1,"oshidashi",12107,"M1w","Ichinojo","4-3 (6-9)",0
"2019.01",7,1226,"M4e","Kotoshogiku","4-3 (6-9)",0,"tsukiotoshi",6480,"O1e","Takayasu","4-3 (9-6)",1
"2019.01",7,6480,"O1e","Takayasu","4-3 (9-6)",1,"tsukiotoshi",1226,"M4e","Kotoshogiku","4-3 (6-9)",0
"2019.01",7,6468,"O1w","Goeido","3-4 (9-6)",1,"yorikiri",12130,"M3e","Shodai","2-5 (7-8)",0
"2019.01",7,12130,"M3e","Shodai","2-5 (7-8)",0,"yorikiri",6468,"O1w","Goeido","3-4 (9-6)",1
"2019.01",7,1123,"Y1w","Hakuho","7-0 (10-4-1)",1,"hatakikomi",6614,"M3w","Shohozan","2-5 (5-10)",0
"2019.01",7,6614,"M3w","Shohozan","2-5 (5-10)",0,"hatakikomi",1123,"Y1w","Hakuho","7-0 (10-4-1)",1
"2019.01",8,1284,"J12e","Takekaze","1-7 (1-9)",0,"tsukiotoshi",4980,"J12w","Sokokurai","3-5 (8-7)",1
"2019.01",8,4980,"J12w","Sokokurai","3-5 (8-7)",1,"tsukiotoshi",1284,"J12e","Takekaze","1-7 (1-9)",0
"2019.01",8,2832,"J10e","Arawashi","3-5 (6-9)",0,"oshidashi",6572,"J14e","Gagamaru","5-3 (8-7)",1
"2019.01",8,6572,"J14e","Gagamaru","5-3 (8-7)",1,"oshidashi",2832,"J10e","Arawashi","3-5 (6-9)",0
"2019.01",8,12203,"J10w","Tobizaru","4-4 (7-8)",0,"oshidashi",12255,"J14w","Chiyonoumi","5-3 (8-5-2)",1
"2019.01",8,12255,"J14w","Chiyonoumi","5-3 (8-5-2)",1,"oshidashi",12203,"J10w","Tobizaru","4-4 (7-8)",0
"2019.01",8,11971,"J13w","Jokoryu","3-5 (5-9-1)",0,"yoritaoshi",12406,"J9w","Mitoryu","2-6 (6-9)",1
"2019.01",8,12406,"J9w","Mitoryu","2-6 (6-9)",1,"yoritaoshi",11971,"J13w","Jokoryu","3-5 (5-9-1)",0
"2019.01",8,12113,"J11w","Tsurugisho","6-2 (8-7)",1,"yoritaoshi",12412,"J8e","Enho","4-4 (9-6)",0
"2019.01",8,12412,"J8e","Enho","4-4 (9-6)",0,"yoritaoshi",12113,"J11w","Tsurugisho","6-2 (8-7)",1
"2019.01",8,7239,"J13e","Kyokushuho","4-4 (9-6)",1,"yorikiri",12026,"J8w","Hidenoumi","4-4 (6-9)",0
"2019.01",8,12026,"J8w","Hidenoumi","4-4 (6-9)",0,"yorikiri",7239,"J13e","Kyokushuho","4-4 (9-6)",1
"2019.01",8,11943,"J6e","Hakuyozan","4-4 (8-7)",0,"okuridashi",12024,"J11e","Shimanoumi","8-0 (13-2)",1
"2019.01",8,12024,"J11e","Shimanoumi","8-0 (13-2)",1,"okuridashi",11943,"J6e","Hakuyozan","4-4 (8-7)",0
"2019.01",8,7240,"J6w","Chiyomaru","6-2 (10-5)",0,"okuridashi",8899,"J9e","Kyokutaisei","5-3 (7-8)",1
"2019.01",8,8899,"J9e","Kyokutaisei","5-3 (7-8)",1,"okuridashi",7240,"J6w","Chiyomaru","6-2 (10-5)",0
"2019.01",8,11723,"J7e","Azumaryu","4-4 (7-8)",1,"okuridashi",12427,"J4e","Tomokaze","3-5 (10-5)",0
"2019.01",8,12427,"J4e","Tomokaze","3-5 (10-5)",0,"okuridashi",11723,"J7e","Azumaryu","4-4 (7-8)",1
"2019.01",8,89,"J3e","Aminishiki","1-7 (3-12)",0,"kotenage",8900,"J7w","Akiseyama","4-4 (6-9)",1
"2019.01",8,8900,"J7w","Akiseyama","4-4 (6-9)",1,"kotenage",89,"J3e","Aminishiki","1-7 (3-12)",0
"2019.01",8,1227,"J5w","Toyonoshima","5-3 (10-5)",1,"oshidashi",12051,"J3w","Ishiura","5-3 (9-6)",0
"2019.01",8,12051,"J3w","Ishiura","5-3 (9-6)",0,"oshidashi",1227,"J5w","Toyonoshima","5-3 (10-5)",1
"2019.01",8,12077,"J2e","Takagenji","3-5 (6-9)",0,"oshidashi",12370,"J5e","Wakatakakage","2-6 (7-8)",1
"2019.01",8,12370,"J5e","Wakatakakage","2-6 (7-8)",1,"oshidashi",12077,"J2e","Takagenji","3-5 (6-9)",0
"2019.01",8,11726,"J4w","Tokushoryu","4-4 (7-8)",0,"hatakikomi",12040,"J1w","Daishoho","4-4 (8-7)",1
"2019.01",8,12040,"J1w","Daishoho","4-4 (8-7)",1,"hatakikomi",11726,"J4w","Tokushoryu","4-4 (7-8)",0
"2019.01",8,11868,"J1e","Terutsuyoshi","6-2 (8-7)",0,"yoritaoshi",12292,"M14e","Yutakayama","5-3 (6-9)",1
"2019.01",8,12292,"M14e","Yutakayama","5-3 (6-9)",1,"yoritaoshi",11868,"J1e","Terutsuyoshi","6-2 (8-7)",0
"2019.01",8,12273,"M16e","Daiamami","2-6 (4-11)",0,"yorikiri",12425,"M13e","Yago","7-1 (9-6)",1
"2019.01",8,12425,"M13e","Yago","7-1 (9-6)",1,"yorikiri",12273,"M16e","Daiamami","2-6 (4-11)",0
"2019.01",8,6642,"M15e","Chiyonokuni","7-1 (8-3-4)",1,"hatakikomi",11845,"M12e","Kagayaki","1-7 (6-9)",0
"2019.01",8,11845,"M12e","Kagayaki","1-7 (6-9)",0,"hatakikomi",6642,"M15e","Chiyonokuni","7-1 (8-3-4)",1
"2019.01",8,11946,"M12w","Meisei","6-2 (8-7)",1,"yorikiri",12144,"M16w","Daishomaru","0-8 (3-12)",0
"2019.01",8,12144,"M16w","Daishomaru","0-8 (3-12)",0,"yorikiri",11946,"M12w","Meisei","6-2 (8-7)",1
"2019.01",8,2879,"M11e","Sadanoumi","4-4 (9-6)",1,"uwatenage",9079,"M13w","Kotoyuki","4-4 (4-7-4)",0
"2019.01",8,9079,"M13w","Kotoyuki","4-4 (4-7-4)",0,"uwatenage",2879,"M11e","Sadanoumi","4-4 (9-6)",1
"2019.01",8,6491,"M11w","Ikioi","4-4 (9-6)",0,"tsukiotoshi",7153,"M15w","Kotoeko","4-4 (7-8)",1
"2019.01",8,7153,"M15w","Kotoeko","4-4 (7-8)",1,"tsukiotoshi",6491,"M11w","Ikioi","4-4 (9-6)",0
"2019.01",8,11785,"M14w","Chiyoshoma","3-5 (6-9)",0,"tsukidashi",12094,"M10w","Abi","5-3 (10-5)",1
"2019.01",8,12094,"M10w","Abi","5-3 (10-5)",1,"tsukidashi",11785,"M14w","Chiyoshoma","3-5 (6-9)",0
"2019.01",8,6594,"M7e","Ryuden","2-6 (6-9)",0,"yorikiri",11728,"M10e","Takarafuji","4-4 (9-6)",1
"2019.01",8,11728,"M10e","Takarafuji","4-4 (9-6)",1,"yorikiri",6594,"M7e","Ryuden","2-6 (6-9)",0
"2019.01",8,5967,"M5w","Yoshikaze","1-7 (3-12)",0,"tsukidashi",12291,"M8w","Asanoyama","3-5 (8-7)",1
"2019.01",8,12291,"M8w","Asanoyama","3-5 (8-7)",1,"tsukidashi",5967,"M5w","Yoshikaze","1-7 (3-12)",0
"2019.01",8,1226,"M4e","Kotoshogiku","4-4 (6-9)",0,"sukuinage",6753,"M8e","Kaisei","7-1 (10-5)",1
"2019.01",8,6753,"M8e","Kaisei","7-1 (10-5)",1,"sukuinage",1226,"M4e","Kotoshogiku","4-4 (6-9)",0
"2019.01",8,6463,"M4w","Okinoumi","5-3 (7-8)",1,"oshidashi",11985,"M7w","Daieisho","3-5 (9-6)",0
"2019.01",8,11985,"M7w","Daieisho","3-5 (9-6)",0,"oshidashi",6463,"M4w","Okinoumi","5-3 (7-8)",1
"2019.01",8,11934,"M6e","Chiyotairyu","4-4 (8-7)",1,"oshidashi",12130,"M3e","Shodai","2-6 (7-8)",0
"2019.01",8,12130,"M3e","Shodai","2-6 (7-8)",0,"oshidashi",11934,"M6e","Chiyotairyu","4-4 (8-7)",1
"2019.01",8,12055,"M9w","Endo","5-3 (10-5)",1,"hikiotoshi",12239,"M2w","Hokutofuji","5-3 (9-6)",0
"2019.01",8,12239,"M2w","Hokutofuji","5-3 (9-6)",0,"hikiotoshi",12055,"M9w","Endo","5-3 (10-5)",1
"2019.01",8,6596,"M2e","Nishikigi","4-4 (7-8)",0,"yorikiri",12107,"M1w","Ichinojo","5-3 (6-9)",1
"2019.01",8,12107,"M1w","Ichinojo","5-3 (6-9)",1,"yorikiri",6596,"M2e","Nishikigi","4-4 (7-8)",0
"2019.01",8,6473,"M1e","Tochiozan","3-5 (6-9)",1,"katasukashi",11784,"K1e","Myogiryu","3-5 (5-10)",0
"2019.01",8,11784,"K1e","Myogiryu","3-5 (5-10)",0,"katasukashi",6473,"M1e","Tochiozan","3-5 (6-9)",1
"2019.01",8,12043,"M6w","Onosho","6-2 (8-7)",0,"oshidashi",12191,"S1e","Takakeisho","6-2 (11-4)",1
"2019.01",8,12191,"S1e","Takakeisho","6-2 (11-4)",1,"oshidashi",12043,"M6w","Onosho","6-2 (8-7)",0
"2019.01",8,5944,"S1w","Tamawashi","6-2 (13-2)",1,"tsukiotoshi",6468,"O1w","Goeido","3-5 (9-6)",0
"2019.01",8,6468,"O1w","Goeido","3-5 (9-6)",0,"tsukiotoshi",5944,"S1w","Tamawashi","6-2 (13-2)",1
"2019.01",8,6480,"O1e","Takayasu","4-4 (9-6)",0,"tsukiotoshi",6614,"M3w","Shohozan","3-5 (5-10)",1
"2019.01",8,6614,"M3w","Shohozan","3-5 (5-10)",1,"tsukiotoshi",6480,"O1e","Takayasu","4-4 (9-6)",0
"2019.01",8,1123,"Y1w","Hakuho","8-0 (10-4-1)",1,"shitatedashinage",11786,"M5e","Aoiyama","5-3 (7-8)",0
"2019.01",8,11786,"M5e","Aoiyama","5-3 (7-8)",0,"shitatedashinage",1123,"Y1w","Hakuho","8-0 (10-4-1)",1
"2019.01",9,1284,"J12e","Takekaze","1-8 (1-9)",0,"oshidashi",11980,"Ms3w","Wakamotoharu","5-0 (7-0)",1
"2019.01",9,11980,"Ms3w","Wakamotoharu","5-0 (7-0)",1,"oshidashi",1284,"J12e","Takekaze","1-8 (1-9)",0
"2019.01",9,7239,"J13e","Kyokushuho","5-4 (9-6)",1,"yorikiri",12203,"J10w","Tobizaru","4-5 (7-8)",0
"2019.01",9,12203,"J10w","Tobizaru","4-5 (7-8)",0,"yorikiri",7239,"J13e","Kyokushuho","5-4 (9-6)",1
"2019.01",9,2832,"J10e","Arawashi","4-5 (6-9)",1,"uwatenage",11971,"J13w","Jokoryu","3-6 (5-9-1)",0
"2019.01",9,11971,"J13w","Jokoryu","3-6 (5-9-1)",0,"uwatenage",2832,"J10e","Arawashi","4-5 (6-9)",1
"2019.01",9,6572,"J14e","Gagamaru","5-4 (8-7)",0,"uwatenage",12406,"J9w","Mitoryu","3-6 (6-9)",1
"2019.01",9,12406,"J9w","Mitoryu","3-6 (6-9)",1,"uwatenage",6572,"J14e","Gagamaru","5-4 (8-7)",0
"2019.01",9,8899,"J9e","Kyokutaisei","5-4 (7-8)",0,"oshidashi",12024,"J11e","Shimanoumi","9-0 (13-2)",1
"2019.01",9,12024,"J11e","Shimanoumi","9-0 (13-2)",1,"oshidashi",8899,"J9e","Kyokutaisei","5-4 (7-8)",0
"2019.01",9,4980,"J12w","Sokokurai","4-5 (8-7)",1,"uwatehineri",12026,"J8w","Hidenoumi","4-5 (6-9)",0
"2019.01",9,12026,"J8w","Hidenoumi","4-5 (6-9)",0,"uwatehineri",4980,"J12w","Sokokurai","4-5 (8-7)",1
"2019.01",9,8900,"J7w","Akiseyama","4-5 (6-9)",0,"tsukidashi",12255,"J14w","Chiyonoumi","6-3 (8-5-2)",1
"2019.01",9,12255,"J14w","Chiyonoumi","6-3 (8-5-2)",1,"tsukidashi",8900,"J7w","Akiseyama","4-5 (6-9)",0
"2019.01",9,11726,"J4w","Tokushoryu","5-4 (7-8)",1,"okuritaoshi",12412,"J8e","Enho","4-5 (9-6)",0
"2019.01",9,12412,"J8e","Enho","4-5 (9-6)",0,"okuritaoshi",11726,"J4w","Tokushoryu","5-4 (7-8)",1
"2019.01",9,12113,"J11w","Tsurugisho","6-3 (8-7)",0,"tsukiotoshi",12427,"J4e","Tomokaze","4-5 (10-5)",1
"2019.01",9,12427,"J4e","Tomokaze","4-5 (10-5)",1,"tsukiotoshi",12113,"J11w","Tsurugisho","6-3 (8-7)",0
"2019.01",9,11723,"J7e","Azumaryu","4-5 (7-8)",0,"shitatenage",12051,"J3w","Ishiura","6-3 (9-6)",1
"2019.01",9,12051,"J3w","Ishiura","6-3 (9-6)",1,"shitatenage",11723,"J7e","Azumaryu","4-5 (7-8)",0
"2019.01",9,89,"J3e","Aminishiki","1-8 (3-12)",0,"tsukiotoshi",7240,"J6w","Chiyomaru","7-2 (10-5)",1
"2019.01",9,7240,"J6w","Chiyomaru","7-2 (10-5)",1,"tsukiotoshi",89,"J3e","Aminishiki","1-8 (3-12)",0
"2019.01",9,11943,"J6e","Hakuyozan","5-4 (8-7)",1,"oshidashi",12077,"J2e","Takagenji","3-6 (6-9)",0
"2019.01",9,12077,"J2e","Takagenji","3-6 (6-9)",0,"oshidashi",11943,"J6e","Hakuyozan","5-4 (8-7)",1
"2019.01",9,12040,"J1w","Daishoho","4-5 (8-7)",0,"yoritaoshi",12370,"J5e","Wakatakakage","3-6 (7-8)",1
"2019.01",9,12370,"J5e","Wakatakakage","3-6 (7-8)",1,"yoritaoshi",12040,"J1w","Daishoho","4-5 (8-7)",0
"2019.01",9,1227,"J5w","Toyonoshima","6-3 (10-5)",1,"oshitaoshi",11868,"J1e","Terutsuyoshi","6-3 (8-7)",0
"2019.01",9,11868,"J1e","Terutsuyoshi","6-3 (8-7)",0,"oshitaoshi",1227,"J5w","Toyonoshima","6-3 (10-5)",1
"2019.01",9,11855,"J2w","Takanosho","2-2-5 (2-4-9)",1,"okuridashi",12273,"M16e","Daiamami","2-7 (4-11)",0
"2019.01",9,12273,"M16e","Daiamami","2-7 (4-11)",0,"okuridashi",11855,"J2w","Takanosho","2-2-5 (2-4-9)",1
"2019.01",9,7153,"M15w","Kotoeko","5-4 (7-8)",1,"tsukiotoshi",12292,"M14e","Yutakayama","5-4 (6-9)",0
"2019.01",9,12292,"M14e","Yutakayama","5-4 (6-9)",0,"tsukiotoshi",7153,"M15w","Kotoeko","5-4 (7-8)",1
"2019.01",9,6642,"M15e","Chiyonokuni","8-1 (8-3-4)",1,"hatakikomi",11946,"M12w","Meisei","6-3 (8-7)",0
"2019.01",9,11946,"M12w","Meisei","6-3 (8-7)",0,"hatakikomi",6642,"M15e","Chiyonokuni","8-1 (8-3-4)",1
"2019.01",9,11785,"M14w","Chiyoshoma","3-6 (6-9)",0,"oshitaoshi",11845,"M12e","Kagayaki","2-7 (6-9)",1
"2019.01",9,11845,"M12e","Kagayaki","2-7 (6-9)",1,"oshitaoshi",11785,"M14w","Chiyoshoma","3-6 (6-9)",0
"2019.01",9,6491,"M11w","Ikioi","5-4 (9-6)",1,"yoritaoshi",12425,"M13e","Yago","7-2 (9-6)",0
"2019.01",9,12425,"M13e","Yago","7-2 (9-6)",0,"yoritaoshi",6491,"M11w","Ikioi","5-4 (9-6)",1
"2019.01",9,2879,"M11e","Sadanoumi","5-4 (9-6)",1,"yorikiri",12144,"M16w","Daishomaru","0-9 (3-12)",0
"2019.01",9,12144,"M16w","Daishomaru","0-9 (3-12)",0,"yorikiri",2879,"M11e","Sadanoumi","5-4 (9-6)",1
"2019.01",9,9079,"M13w","Kotoyuki","4-5 (4-7-4)",0,"oshidashi",12094,"M10w","Abi","6-3 (10-5)",1
"2019.01",9,12094,"M10w","Abi","6-3 (10-5)",1,"oshidashi",9079,"M13w","Kotoyuki","4-5 (4-7-4)",0
"2019.01",9,11728,"M10e","Takarafuji","5-4 (9-6)",1,"tsukiotoshi",11985,"M7w","Daieisho","3-6 (9-6)",0
"2019.01",9,11985,"M7w","Daieisho","3-6 (9-6)",0,"tsukiotoshi",11728,"M10e","Takarafuji","5-4 (9-6)",1
"2019.01",9,6594,"M7e","Ryuden","3-6 (6-9)",1,"okuridashi",6753,"M8e","Kaisei","7-2 (10-5)",0
"2019.01",9,6753,"M8e","Kaisei","7-2 (10-5)",0,"okuridashi",6594,"M7e","Ryuden","3-6 (6-9)",1
"2019.01",9,12043,"M6w","Onosho","6-3 (8-7)",0,"hatakikomi",12055,"M9w","Endo","6-3 (10-5)",1
"2019.01",9,12055,"M9w","Endo","6-3 (10-5)",1,"hatakikomi",12043,"M6w","Onosho","6-3 (8-7)",0
"2019.01",9,11934,"M6e","Chiyotairyu","5-4 (8-7)",1,"tsukiotoshi",12291,"M8w","Asanoyama","3-6 (8-7)",0
"2019.01",9,12291,"M8w","Asanoyama","3-6 (8-7)",0,"tsukiotoshi",11934,"M6e","Chiyotairyu","5-4 (8-7)",1
"2019.01",9,5967,"M5w","Yoshikaze","2-7 (3-12)",1,"oshidashi",6614,"M3w","Shohozan","3-6 (5-10)",0
"2019.01",9,6614,"M3w","Shohozan","3-6 (5-10)",0,"oshidashi",5967,"M5w","Yoshikaze","2-7 (3-12)",1
"2019.01",9,11786,"M5e","Aoiyama","5-4 (7-8)",0,"oshidashi",12130,"M3e","Shodai","3-6 (7-8)",1
"2019.01",9,12130,"M3e","Shodai","3-6 (7-8)",1,"oshidashi",11786,"M5e","Aoiyama","5-4 (7-8)",0
"2019.01",9,6473,"M1e","Tochiozan","4-5 (6-9)",1,"hikiotoshi",12239,"M2w","Hokutofuji","5-4 (9-6)",0
"2019.01",9,12239,"M2w","Hokutofuji","5-4 (9-6)",0,"hikiotoshi",6473,"M1e","Tochiozan","4-5 (6-9)",1
"2019.01",9,11784,"K1e","Myogiryu","4-5 (5-10)",1,"oshidashi",12107,"M1w","Ichinojo","5-4 (6-9)",0
"2019.01",9,12107,"M1w","Ichinojo","5-4 (6-9)",0,"oshidashi",11784,"K1e","Myogiryu","4-5 (5-10)",1
"2019.01",9,6596,"M2e","Nishikigi","4-5 (7-8)",0,"oshidashi",12191,"S1e","Takakeisho","7-2 (11-4)",1
"2019.01",9,12191,"S1e","Takakeisho","7-2 (11-4)",1,"oshidashi",6596,"M2e","Nishikigi","4-5 (7-8)",0
"2019.01",9,5944,"S1w","Tamawashi","7-2 (13-2)",1,"oshitaoshi",6480,"O1e","Takayasu","4-5 (9-6)",0
"2019.01",9,6480,"O1e","Takayasu","4-5 (9-6)",0,"oshitaoshi",5944,"S1w","Tamawashi","7-2 (13-2)",1
"2019.01",9,6463,"M4w","Okinoumi","6-3 (7-8)",1,"oshitaoshi",6468,"O1w","Goeido","3-6 (9-6)",0
"2019.01",9,6468,"O1w","Goeido","3-6 (9-6)",0,"oshitaoshi",6463,"M4w","Okinoumi","6-3 (7-8)",1
"2019.01",9,1123,"Y1w","Hakuho","9-0 (10-4-1)",1,"tsukiotoshi",1226,"M4e","Kotoshogiku","4-5 (6-9)",0
"2019.01",9,1226,"M4e","Kotoshogiku","4-5 (6-9)",0,"tsukiotoshi",1123,"Y1w","Hakuho","9-0 (10-4-1)",1
"2019.01",10,11971,"J13w","Jokoryu","4-6 (5-9-1)",1,"yorikiri",12231,"Ms1w","Kiribayama","4-2 (4-3)",0
"2019.01",10,12231,"Ms1w","Kiribayama","4-2 (4-3)",0,"yorikiri",11971,"J13w","Jokoryu","4-6 (5-9-1)",1
"2019.01",10,7239,"J13e","Kyokushuho","6-4 (9-6)",1,"yorikiri",12113,"J11w","Tsurugisho","6-4 (8-7)",0
"2019.01",10,12113,"J11w","Tsurugisho","6-4 (8-7)",0,"yorikiri",7239,"J13e","Kyokushuho","6-4 (9-6)",1
"2019.01",10,2832,"J10e","Arawashi","5-5 (6-9)",1,"tottari",12255,"J14w","Chiyonoumi","6-4 (8-5-2)",0
"2019.01",10,12255,"J14w","Chiyonoumi","6-4 (8-5-2)",0,"tottari",2832,"J10e","Arawashi","5-5 (6-9)",1
"2019.01",10,6572,"J14e","Gagamaru","6-4 (8-7)",1,"oshidashi",8899,"J9e","Kyokutaisei","5-5 (7-8)",0
"2019.01",10,8899,"J9e","Kyokutaisei","5-5 (7-8)",0,"oshidashi",6572,"J14e","Gagamaru","6-4 (8-7)",1
"2019.01",10,12024,"J11e","Shimanoumi","9-1 (13-2)",0,"uwatenage",12412,"J8e","Enho","5-5 (9-6)",1
"2019.01",10,12412,"J8e","Enho","5-5 (9-6)",1,"uwatenage",12024,"J11e","Shimanoumi","9-1 (13-2)",0
"2019.01",10,1284,"J12e","Takekaze","1-9",0,"fusen",12026,"J8w","Hidenoumi","5-5 (6-9)",1
"2019.01",10,12026,"J8w","Hidenoumi","5-5 (6-9)",1,"fusen",1284,"J12e","Takekaze","1-9",0
"2019.01",10,4980,"J12w","Sokokurai","5-5 (8-7)",1,"yorikiri",8900,"J7w","Akiseyama","4-6 (6-9)",0
"2019.01",10,8900,"J7w","Akiseyama","4-6 (6-9)",0,"yorikiri",4980,"J12w","Sokokurai","5-5 (8-7)",1
"2019.01",10,11943,"J6e","Hakuyozan","6-4 (8-7)",1,"oshidashi",12203,"J10w","Tobizaru","4-6 (7-8)",0
"2019.01",10,12203,"J10w","Tobizaru","4-6 (7-8)",0,"oshidashi",11943,"J6e","Hakuyozan","6-4 (8-7)",1
"2019.01",10,7240,"J6w","Chiyomaru","8-2 (10-5)",1,"tsukidashi",12406,"J9w","Mitoryu","3-7 (6-9)",0
"2019.01",10,12406,"J9w","Mitoryu","3-7 (6-9)",0,"tsukidashi",7240,"J6w","Chiyomaru","8-2 (10-5)",1
"2019.01",10,11723,"J7e","Azumaryu","4-6 (7-8)",0,"oshidashi",12370,"J5e","Wakatakakage","4-6 (7-8)",1
"2019.01",10,12370,"J5e","Wakatakakage","4-6 (7-8)",1,"oshidashi",11723,"J7e","Azumaryu","4-6 (7-8)",0
"2019.01",10,11726,"J4w","Tokushoryu","5-5 (7-8)",0,"oshidashi",12427,"J4e","Tomokaze","5-5 (10-5)",1
"2019.01",10,12427,"J4e","Tomokaze","5-5 (10-5)",1,"oshidashi",11726,"J4w","Tokushoryu","5-5 (7-8)",0
"2019.01",10,89,"J3e","Aminishiki","1-9 (3-12)",0,"oshidashi",12051,"J3w","Ishiura","7-3 (9-6)",1
"2019.01",10,12051,"J3w","Ishiura","7-3 (9-6)",1,"oshidashi",89,"J3e","Aminishiki","1-9 (3-12)",0
"2019.01",10,11855,"J2w","Takanosho","2-3-5 (2-4-9)",0,"oshidashi",11868,"J1e","Terutsuyoshi","7-3 (8-7)",1
"2019.01",10,11868,"J1e","Terutsuyoshi","7-3 (8-7)",1,"oshidashi",11855,"J2w","Takanosho","2-3-5 (2-4-9)",0
"2019.01",10,1227,"J5w","Toyonoshima","7-3 (10-5)",1,"oshidashi",12040,"J1w","Daishoho","4-6 (8-7)",0
"2019.01",10,12040,"J1w","Daishoho","4-6 (8-7)",0,"oshidashi",1227,"J5w","Toyonoshima","7-3 (10-5)",1
"2019.01",10,7153,"M15w","Kotoeko","6-4 (7-8)",1,"okuridashi",12077,"J2e","Takagenji","3-7 (6-9)",0
"2019.01",10,12077,"J2e","Takagenji","3-7 (6-9)",0,"okuridashi",7153,"M15w","Kotoeko","6-4 (7-8)",1
"2019.01",10,11845,"M12e","Kagayaki","3-7 (6-9)",1,"oshidashi",12144,"M16w","Daishomaru","0-10 (3-12)",0
"2019.01",10,12144,"M16w","Daishomaru","0-10 (3-12)",0,"oshidashi",11845,"M12e","Kagayaki","3-7 (6-9)",1
"2019.01",10,11785,"M14w","Chiyoshoma","4-6 (6-9)",1,"hatakikomi",11946,"M12w","Meisei","6-4 (8-7)",0
"2019.01",10,11946,"M12w","Meisei","6-4 (8-7)",0,"hatakikomi",11785,"M14w","Chiyoshoma","4-6 (6-9)",1
"2019.01",10,2879,"M11e","Sadanoumi","6-4 (9-6)",1,"yorikiri",12273,"M16e","Daiamami","2-8 (4-11)",0
"2019.01",10,12273,"M16e","Daiamami","2-8 (4-11)",0,"yorikiri",2879,"M11e","Sadanoumi","6-4 (9-6)",1
"2019.01",10,6491,"M11w","Ikioi","6-4 (9-6)",1,"oshitaoshi",6642,"M15e","Chiyonokuni","8-2 (8-3-4)",0
"2019.01",10,6642,"M15e","Chiyonokuni","8-2 (8-3-4)",0,"oshitaoshi",6491,"M11w","Ikioi","6-4 (9-6)",1
"2019.01",10,9079,"M13w","Kotoyuki","4-6 (4-7-4)",0,"okuridashi",11728,"M10e","Takarafuji","6-4 (9-6)",1
"2019.01",10,11728,"M10e","Takarafuji","6-4 (9-6)",1,"okuridashi",9079,"M13w","Kotoyuki","4-6 (4-7-4)",0
"2019.01",10,12094,"M10w","Abi","6-4 (10-5)",0,"oshidashi",12292,"M14e","Yutakayama","6-4 (6-9)",1
"2019.01",10,12292,"M14e","Yutakayama","6-4 (6-9)",1,"oshidashi",12094,"M10w","Abi","6-4 (10-5)",0
"2019.01",10,6594,"M7e","Ryuden","3-7 (6-9)",0,"yorikiri",12055,"M9w","Endo","7-3 (10-5)",1
"2019.01",10,12055,"M9w","Endo","7-3 (10-5)",1,"yorikiri",6594,"M7e","Ryuden","3-7 (6-9)",0
"2019.01",10,11985,"M7w","Daieisho","4-6 (9-6)",1,"yorikiri",12425,"M13e","Yago","7-3 (9-6)",0
"2019.01",10,12425,"M13e","Yago","7-3 (9-6)",0,"yorikiri",11985,"M7w","Daieisho","4-6 (9-6)",1
"2019.01",10,12043,"M6w","Onosho","6-4 (8-7)",0,"hatakikomi",12291,"M8w","Asanoyama","4-6 (8-7)",1
"2019.01",10,12291,"M8w","Asanoyama","4-6 (8-7)",1,"hatakikomi",12043,"M6w","Onosho","6-4 (8-7)",0
"2019.01",10,6753,"M8e","Kaisei","7-3 (10-5)",0,"oshidashi",11786,"M5e","Aoiyama","6-4 (7-8)",1
"2019.01",10,11786,"M5e","Aoiyama","6-4 (7-8)",1,"oshidashi",6753,"M8e","Kaisei","7-3 (10-5)",0
"2019.01",10,5967,"M5w","Yoshikaze","2-8 (3-12)",0,"yorikiri",12130,"M3e","Shodai","4-6 (7-8)",1
"2019.01",10,12130,"M3e","Shodai","4-6 (7-8)",1,"yorikiri",5967,"M5w","Yoshikaze","2-8 (3-12)",0
"2019.01",10,6614,"M3w","Shohozan","3-7 (5-10)",0,"oshidashi",11934,"M6e","Chiyotairyu","6-4 (8-7)",1
"2019.01",10,11934,"M6e","Chiyotairyu","6-4 (8-7)",1,"oshidashi",6614,"M3w","Shohozan","3-7 (5-10)",0
"2019.01",10,6473,"M1e","Tochiozan","4-6 (6-9)",0,"yorikiri",12107,"M1w","Ichinojo","6-4 (6-9)",1
"2019.01",10,12107,"M1w","Ichinojo","6-4 (6-9)",1,"yorikiri",6473,"M1e","Tochiozan","4-6 (6-9)",0
"2019.01",10,11784,"K1e","Myogiryu","4-6 (5-10)",0,"oshitaoshi",12239,"M2w","Hokutofuji","6-4 (9-6)",1
"2019.01",10,12239,"M2w","Hokutofuji","6-4 (9-6)",1,"oshitaoshi",11784,"K1e","Myogiryu","4-6 (5-10)",0
"2019.01",10,5944,"S1w","Tamawashi","8-2 (13-2)",1,"oshidashi",6596,"M2e","Nishikigi","4-6 (7-8)",0
"2019.01",10,6596,"M2e","Nishikigi","4-6 (7-8)",0,"oshidashi",5944,"S1w","Tamawashi","8-2 (13-2)",1
"2019.01",10,1226,"M4e","Kotoshogiku","4-6 (6-9)",0,"sotogake",6468,"O1w","Goeido","4-6 (9-6)",1
"2019.01",10,6468,"O1w","Goeido","4-6 (9-6)",1,"sotogake",1226,"M4e","Kotoshogiku","4-6 (6-9)",0
"2019.01",10,6480,"O1e","Takayasu","5-5 (9-6)",1,"hatakikomi",12191,"S1e","Takakeisho","7-3 (11-4)",0
"2019.01",10,12191,"S1e","Takakeisho","7-3 (11-4)",0,"hatakikomi",6480,"O1e","Takayasu","5-5 (9-6)",1
"2019.01",10,1123,"Y1w","Hakuho","10-0 (10-4-1)",1,"yorikiri",6463,"M4w","Okinoumi","6-4 (7-8)",0
"2019.01",10,6463,"M4w","Okinoumi","6-4 (7-8)",0,"yorikiri",1123,"Y1w","Hakuho","10-0 (10-4-1)",1
"2019.01",11,11949,"Ms2e","Kotodaigo","2-4 (3-4)",0,"tsukiotoshi",12255,"J14w","Chiyonoumi","7-4 (8-5-2)",1
"2019.01",11,12255,"J14w","Chiyonoumi","7-4 (8-5-2)",1,"tsukiotoshi",11949,"Ms2e","Kotodaigo","2-4 (3-4)",0
"2019.01",11,4980,"J12w","Sokokurai","5-6 (8-7)",0,"yorikiri",12024,"J11e","Shimanoumi","10-1 (13-2)",1
"2019.01",11,12024,"J11e","Shimanoumi","10-1 (13-2)",1,"yorikiri",4980,"J12w","Sokokurai","5-6 (8-7)",0
"2019.01",11,2832,"J10e","Arawashi","5-6 (6-9)",0,"tsukidashi",12203,"J10w","Tobizaru","5-6 (7-8)",1
"2019.01",11,12203,"J10w","Tobizaru","5-6 (7-8)",1,"tsukidashi",2832,"J10e","Arawashi","5-6 (6-9)",0
"2019.01",11,7239,"J13e","Kyokushuho","6-5 (9-6)",0,"yorikiri",12406,"J9w","Mitoryu","4-7 (6-9)",1
"2019.01",11,12406,"J9w","Mitoryu","4-7 (6-9)",1,"yorikiri",7239,"J13e","Kyokushuho","6-5 (9-6)",0
"2019.01",11,8899,"J9e","Kyokutaisei","5-6 (7-8)",0,"yorikiri",11971,"J13w","Jokoryu","5-6 (5-9-1)",1
"2019.01",11,11971,"J13w","Jokoryu","5-6 (5-9-1)",1,"yorikiri",8899,"J9e","Kyokutaisei","5-6 (7-8)",0
"2019.01",11,12026,"J8w","Hidenoumi","5-6 (6-9)",0,"uwatenage",12113,"J11w","Tsurugisho","7-4 (8-7)",1
"2019.01",11,12113,"J11w","Tsurugisho","7-4 (8-7)",1,"uwatenage",12026,"J8w","Hidenoumi","5-6 (6-9)",0
"2019.01",11,6572,"J14e","Gagamaru","7-4 (8-7)",1,"kotenage",12412,"J8e","Enho","5-6 (9-6)",0
"2019.01",11,12412,"J8e","Enho","5-6 (9-6)",0,"kotenage",6572,"J14e","Gagamaru","7-4 (8-7)",1
"2019.01",11,11723,"J7e","Azumaryu","4-7 (7-8)",0,"yorikiri",11726,"J4w","Tokushoryu","6-5 (7-8)",1
"2019.01",11,11726,"J4w","Tokushoryu","6-5 (7-8)",1,"yorikiri",11723,"J7e","Azumaryu","4-7 (7-8)",0
"2019.01",11,8900,"J7w","Akiseyama","4-7 (6-9)",0,"katasukashi",12051,"J3w","Ishiura","8-3 (9-6)",1
"2019.01",11,12051,"J3w","Ishiura","8-3 (9-6)",1,"katasukashi",8900,"J7w","Akiseyama","4-7 (6-9)",0
"2019.01",11,89,"J3e","Aminishiki","1-10 (3-12)",0,"oshidashi",12370,"J5e","Wakatakakage","5-6 (7-8)",1
"2019.01",11,12370,"J5e","Wakatakakage","5-6 (7-8)",1,"oshidashi",89,"J3e","Aminishiki","1-10 (3-12)",0
"2019.01",11,11855,"J2w","Takanosho","2-4-5 (2-4-9)",0,"fusen",12427,"J4e","Tomokaze","6-5 (10-5)",1
"2019.01",11,12427,"J4e","Tomokaze","6-5 (10-5)",1,"fusen",11855,"J2w","Takanosho","2-4-5 (2-4-9)",0
"2019.01",11,1227,"J5w","Toyonoshima","8-3 (10-5)",1,"okuridashi",12077,"J2e","Takagenji","3-8 (6-9)",0
"2019.01",11,12077,"J2e","Takagenji","3-8 (6-9)",0,"okuridashi",1227,"J5w","Toyonoshima","8-3 (10-5)",1
"2019.01",11,7240,"J6w","Chiyomaru","8-3 (10-5)",0,"yorikiri",12040,"J1w","Daishoho","5-6 (8-7)",1
"2019.01",11,12040,"J1w","Daishoho","5-6 (8-7)",1,"yorikiri",7240,"J6w","Chiyomaru","8-3 (10-5)",0
"2019.01",11,11868,"J1e","Terutsuyoshi","8-3 (8-7)",1,"ashitori",11943,"J6e","Hakuyozan","6-5 (8-7)",0
"2019.01",11,11943,"J6e","Hakuyozan","6-5 (8-7)",0,"ashitori",11868,"J1e","Terutsuyoshi","8-3 (8-7)",1
"2019.01",11,11845,"M12e","Kagayaki","3-8 (6-9)",0,"yorikiri",12273,"M16e","Daiamami","3-8 (4-11)",1
"2019.01",11,12273,"M16e","Daiamami","3-8 (4-11)",1,"yorikiri",11845,"M12e","Kagayaki","3-8 (6-9)",0
"2019.01",11,6491,"M11w","Ikioi","6-5 (9-6)",0,"kubinage",12144,"M16w","Daishomaru","1-10 (3-12)",1
"2019.01",11,12144,"M16w","Daishomaru","1-10 (3-12)",1,"kubinage",6491,"M11w","Ikioi","6-5 (9-6)",0
"2019.01",11,2879,"M11e","Sadanoumi","7-4 (9-6)",1,"yorikiri",7153,"M15w","Kotoeko","6-5 (7-8)",0
"2019.01",11,7153,"M15w","Kotoeko","6-5 (7-8)",0,"yorikiri",2879,"M11e","Sadanoumi","7-4 (9-6)",1
"2019.01",11,6642,"M15e","Chiyonokuni","8-3 (8-3-4)",0,"fusen",12094,"M10w","Abi","7-4 (10-5)",1
"2019.01",11,12094,"M10w","Abi","7-4 (10-5)",1,"fusen",6642,"M15e","Chiyonokuni","8-3 (8-3-4)",0
"2019.01",11,11728,"M10e","Takarafuji","6-5 (9-6)",0,"okuridashi",11785,"M14w","Chiyoshoma","5-6 (6-9)",1
"2019.01",11,11785,"M14w","Chiyoshoma","5-6 (6-9)",1,"okuridashi",11728,"M10e","Takarafuji","6-5 (9-6)",0
"2019.01",11,12291,"M8w","Asanoyama","5-6 (8-7)",1,"yorikiri",12425,"M13e","Yago","7-4 (9-6)",0
"2019.01",11,12425,"M13e","Yago","7-4 (9-6)",0,"yorikiri",12291,"M8w","Asanoyama","5-6 (8-7)",1
"2019.01",11,9079,"M13w","Kotoyuki","4-7 (4-7-4)",0,"fusen",11985,"M7w","Daieisho","5-6 (9-6)",1
"2019.01",11,11985,"M7w","Daieisho","5-6 (9-6)",1,"fusen",9079,"M13w","Kotoyuki","4-7 (4-7-4)",0
"2019.01",11,6594,"M7e","Ryuden","4-7 (6-9)",1,"yoritaoshi",11946,"M12w","Meisei","6-5 (8-7)",0
"2019.01",11,11946,"M12w","Meisei","6-5 (8-7)",0,"yoritaoshi",6594,"M7e","Ryuden","4-7 (6-9)",1
"2019.01",11,12043,"M6w","Onosho","7-4 (8-7)",1,"tsukiotoshi",12292,"M14e","Yutakayama","6-5 (6-9)",0
"2019.01",11,12292,"M14e","Yutakayama","6-5 (6-9)",0,"tsukiotoshi",12043,"M6w","Onosho","7-4 (8-7)",1
"2019.01",11,6753,"M8e","Kaisei","8-3 (10-5)",1,"yorikiri",11934,"M6e","Chiyotairyu","6-5 (8-7)",0
"2019.01",11,11934,"M6e","Chiyotairyu","6-5 (8-7)",0,"yorikiri",6753,"M8e","Kaisei","8-3 (10-5)",1
"2019.01",11,5967,"M5w","Yoshikaze","2-9 (3-12)",0,"yorikiri",12055,"M9w","Endo","8-3 (10-5)",1
"2019.01",11,12055,"M9w","Endo","8-3 (10-5)",1,"yorikiri",5967,"M5w","Yoshikaze","2-9 (3-12)",0
"2019.01",11,6614,"M3w","Shohozan","4-7 (5-10)",1,"uwatenage",12107,"M1w","Ichinojo","6-5 (6-9)",0
"2019.01",11,12107,"M1w","Ichinojo","6-5 (6-9)",0,"uwatenage",6614,"M3w","Shohozan","4-7 (5-10)",1
"2019.01",11,6473,"M1e","Tochiozan","5-6 (6-9)",1,"yorikiri",6596,"M2e","Nishikigi","4-7 (7-8)",0
"2019.01",11,6596,"M2e","Nishikigi","4-7 (7-8)",0,"yorikiri",6473,"M1e","Tochiozan","5-6 (6-9)",1
"2019.01",11,11784,"K1e","Myogiryu","5-6 (5-10)",1,"oshidashi",12130,"M3e","Shodai","4-7 (7-8)",0
"2019.01",11,12130,"M3e","Shodai","4-7 (7-8)",0,"oshidashi",11784,"K1e","Myogiryu","5-6 (5-10)",1
"2019.01",11,1226,"M4e","Kotoshogiku","4-7 (6-9)",0,"oshidashi",5944,"S1w","Tamawashi","9-2 (13-2)",1
"2019.01",11,5944,"S1w","Tamawashi","9-2 (13-2)",1,"oshidashi",1226,"M4e","Kotoshogiku","4-7 (6-9)",0
"2019.01",11,12191,"S1e","Takakeisho","8-3 (11-4)",1,"oshidashi",12239,"M2w","Hokutofuji","6-5 (9-6)",0
"2019.01",11,12239,"M2w","Hokutofuji","6-5 (9-6)",0,"oshidashi",12191,"S1e","Takakeisho","8-3 (11-4)",1
"2019.01",11,6463,"M4w","Okinoumi","6-5 (7-8)",0,"yorikiri",6480,"O1e","Takayasu","6-5 (9-6)",1
"2019.01",11,6480,"O1e","Takayasu","6-5 (9-6)",1,"yorikiri",6463,"M4w","Okinoumi","6-5 (7-8)",0
"2019.01",11,6468,"O1w","Goeido","5-6 (9-6)",1,"hatakikomi",11786,"M5e","Aoiyama","6-5 (7-8)",0
"2019.01",11,11786,"M5e","Aoiyama","6-5 (7-8)",0,"hatakikomi",6468,"O1w","Goeido","5-6 (9-6)",1
"2019.01",11,1123,"Y1w","Hakuho","10-1 (10-4-1)",0,"oshidashi",12210,"K1w","Mitakeumi","6-2-3 (8-4-3)",1
"2019.01",11,12210,"K1w","Mitakeumi","6-2-3 (8-4-3)",1,"oshidashi",1123,"Y1w","Hakuho","10-1 (10-4-1)",0
"2019.01",12,2832,"J10e","Arawashi","6-6 (6-9)",1,"yorikiri",7239,"J13e","Kyokushuho","6-6 (9-6)",0
"2019.01",12,7239,"J13e","Kyokushuho","6-6 (9-6)",0,"yorikiri",2832,"J10e","Arawashi","6-6 (6-9)",1
"2019.01",12,4980,"J12w","Sokokurai","6-6 (8-7)",1,"yoritaoshi",12406,"J9w","Mitoryu","4-8 (6-9)",0
"2019.01",12,12406,"J9w","Mitoryu","4-8 (6-9)",0,"yoritaoshi",4980,"J12w","Sokokurai","6-6 (8-7)",1
"2019.01",12,12026,"J8w","Hidenoumi","5-7 (6-9)",0,"yoritaoshi",12255,"J14w","Chiyonoumi","8-4 (8-5-2)",1
"2019.01",12,12255,"J14w","Chiyonoumi","8-4 (8-5-2)",1,"yoritaoshi",12026,"J8w","Hidenoumi","5-7 (6-9)",0
"2019.01",12,11723,"J7e","Azumaryu","5-7 (7-8)",1,"uwatenage",11971,"J13w","Jokoryu","5-7 (5-9-1)",0
"2019.01",12,11971,"J13w","Jokoryu","5-7 (5-9-1)",0,"uwatenage",11723,"J7e","Azumaryu","5-7 (7-8)",1
"2019.01",12,8900,"J7w","Akiseyama","4-8 (6-9)",0,"tsukiotoshi",12203,"J10w","Tobizaru","6-6 (7-8)",1
"2019.01",12,12203,"J10w","Tobizaru","6-6 (7-8)",1,"tsukiotoshi",8900,"J7w","Akiseyama","4-8 (6-9)",0
"2019.01",12,1227,"J5w","Toyonoshima","8-4 (10-5)",0,"okuritaoshi",12024,"J11e","Shimanoumi","11-1 (13-2)",1
"2019.01",12,12024,"J11e","Shimanoumi","11-1 (13-2)",1,"okuritaoshi",1227,"J5w","Toyonoshima","8-4 (10-5)",0
"2019.01",12,6572,"J14e","Gagamaru","7-5 (8-7)",0,"hatakikomi",12427,"J4e","Tomokaze","7-5 (10-5)",1
"2019.01",12,12427,"J4e","Tomokaze","7-5 (10-5)",1,"hatakikomi",6572,"J14e","Gagamaru","7-5 (8-7)",0
"2019.01",12,11726,"J4w","Tokushoryu","6-6 (7-8)",0,"tsukiotoshi",12113,"J11w","Tsurugisho","8-4 (8-7)",1
"2019.01",12,12113,"J11w","Tsurugisho","8-4 (8-7)",1,"tsukiotoshi",11726,"J4w","Tokushoryu","6-6 (7-8)",0
"2019.01",12,89,"J3e","Aminishiki","1-11 (3-12)",0,"katasukashi",12412,"J8e","Enho","6-6 (9-6)",1
"2019.01",12,12412,"J8e","Enho","6-6 (9-6)",1,"katasukashi",89,"J3e","Aminishiki","1-11 (3-12)",0
"2019.01",12,12051,"J3w","Ishiura","9-3 (9-6)",1,"hatakikomi",12370,"J5e","Wakatakakage","5-7 (7-8)",0
"2019.01",12,12370,"J5e","Wakatakakage","5-7 (7-8)",0,"hatakikomi",12051,"J3w","Ishiura","9-3 (9-6)",1
"2019.01",12,8899,"J9e","Kyokutaisei","5-7 (7-8)",0,"uwatedashinage",12077,"J2e","Takagenji","4-8 (6-9)",1
"2019.01",12,12077,"J2e","Takagenji","4-8 (6-9)",1,"uwatedashinage",8899,"J9e","Kyokutaisei","5-7 (7-8)",0
"2019.01",12,7240,"J6w","Chiyomaru","9-3 (10-5)",1,"hikiotoshi",11868,"J1e","Terutsuyoshi","8-4 (8-7)",0
"2019.01",12,11868,"J1e","Terutsuyoshi","8-4 (8-7)",0,"hikiotoshi",7240,"J6w","Chiyomaru","9-3 (10-5)",1
"2019.01",12,11943,"J6e","Hakuyozan","6-6 (8-7)",0,"yorikiri",12040,"J1w","Daishoho","6-6 (8-7)",1
"2019.01",12,12040,"J1w","Daishoho","6-6 (8-7)",1,"yorikiri",11943,"J6e","Hakuyozan","6-6 (8-7)",0
"2019.01",12,2879,"M11e","Sadanoumi","8-4 (9-6)",1,"sukuinage",11946,"M12w","Meisei","6-6 (8-7)",0
"2019.01",12,11946,"M12w","Meisei","6-6 (8-7)",0,"sukuinage",2879,"M11e","Sadanoumi","8-4 (9-6)",1
"2019.01",12,6491,"M11w","Ikioi","7-5 (9-6)",1,"yorikiri",12292,"M14e","Yutakayama","6-6 (6-9)",0
"2019.01",12,12292,"M14e","Yutakayama","6-6 (6-9)",0,"yorikiri",6491,"M11w","Ikioi","7-5 (9-6)",1
"2019.01",12,11728,"M10e","Takarafuji","7-5 (9-6)",1,"shitatenage",12425,"M13e","Yago","7-5 (9-6)",0
"2019.01",12,12425,"M13e","Yago","7-5 (9-6)",0,"shitatenage",11728,"M10e","Takarafuji","7-5 (9-6)",1
"2019.01",12,12094,"M10w","Abi","8-4 (10-5)",1,"oshidashi",12273,"M16e","Daiamami","3-9 (4-11)",0
"2019.01",12,12273,"M16e","Daiamami","3-9 (4-11)",0,"oshidashi",12094,"M10w","Abi","8-4 (10-5)",1
"2019.01",12,11785,"M14w","Chiyoshoma","5-7 (6-9)",0,"yorikiri",12291,"M8w","Asanoyama","6-6 (8-7)",1
"2019.01",12,12291,"M8w","Asanoyama","6-6 (8-7)",1,"yorikiri",11785,"M14w","Chiyoshoma","5-7 (6-9)",0
"2019.01",12,6594,"M7e","Ryuden","5-7 (6-9)",1,"yorikiri",12144,"M16w","Daishomaru","1-11 (3-12)",0
"2019.01",12,12144,"M16w","Daishomaru","1-11 (3-12)",0,"yorikiri",6594,"M7e","Ryuden","5-7 (6-9)",1
"2019.01",12,7153,"M15w","Kotoeko","6-6 (7-8)",0,"hikiotoshi",11985,"M7w","Daieisho","6-6 (9-6)",1
"2019.01",12,11985,"M7w","Daieisho","6-6 (9-6)",1,"hikiotoshi",7153,"M15w","Kotoeko","6-6 (7-8)",0
"2019.01",12,11934,"M6e","Chiyotairyu","6-6 (8-7)",0,"uwatedashinage",12055,"M9w","Endo","9-3 (10-5)",1
"2019.01",12,12055,"M9w","Endo","9-3 (10-5)",1,"uwatedashinage",11934,"M6e","Chiyotairyu","6-6 (8-7)",0
"2019.01",12,11845,"M12e","Kagayaki","4-8 (6-9)",1,"oshidashi",12043,"M6w","Onosho","7-5 (8-7)",0
"2019.01",12,12043,"M6w","Onosho","7-5 (8-7)",0,"oshidashi",11845,"M12e","Kagayaki","4-8 (6-9)",1
"2019.01",12,6463,"M4w","Okinoumi","6-6 (7-8)",0,"yorikiri",6753,"M8e","Kaisei","9-3 (10-5)",1
"2019.01",12,6753,"M8e","Kaisei","9-3 (10-5)",1,"yorikiri",6463,"M4w","Okinoumi","6-6 (7-8)",0
"2019.01",12,6596,"M2e","Nishikigi","5-7 (7-8)",1,"kotenage",12130,"M3e","Shodai","4-8 (7-8)",0
"2019.01",12,12130,"M3e","Shodai","4-8 (7-8)",0,"kotenage",6596,"M2e","Nishikigi","5-7 (7-8)",1
"2019.01",12,12107,"M1w","Ichinojo","6-6 (6-9)",0,"oshidashi",12239,"M2w","Hokutofuji","7-5 (9-6)",1
"2019.01",12,12239,"M2w","Hokutofuji","7-5 (9-6)",1,"oshidashi",12107,"M1w","Ichinojo","6-6 (6-9)",0
"2019.01",12,6614,"M3w","Shohozan","5-7 (5-10)",1,"okurinage",11784,"K1e","Myogiryu","5-7 (5-10)",0
"2019.01",12,11784,"K1e","Myogiryu","5-7 (5-10)",0,"okurinage",6614,"M3w","Shohozan","5-7 (5-10)",1
"2019.01",12,6473,"M1e","Tochiozan","5-7 (6-9)",0,"yorikiri",12210,"K1w","Mitakeumi","7-2-3 (8-4-3)",1
"2019.01",12,12210,"K1w","Mitakeumi","7-2-3 (8-4-3)",1,"yorikiri",6473,"M1e","Tochiozan","5-7 (6-9)",0
"2019.01",12,1226,"M4e","Kotoshogiku","4-8 (6-9)",0,"oshidashi",12191,"S1e","Takakeisho","9-3 (11-4)",1
"2019.01",12,12191,"S1e","Takakeisho","9-3 (11-4)",1,"oshidashi",1226,"M4e","Kotoshogiku","4-8 (6-9)",0
"2019.01",12,5967,"M5w","Yoshikaze","2-10 (3-12)",0,"hatakikomi",6468,"O1w","Goeido","6-6 (9-6)",1
"2019.01",12,6468,"O1w","Goeido","6-6 (9-6)",1,"hatakikomi",5967,"M5w","Yoshikaze","2-10 (3-12)",0
"2019.01",12,6480,"O1e","Takayasu","7-5 (9-6)",1,"yorikiri",11786,"M5e","Aoiyama","6-6 (7-8)",0
"2019.01",12,11786,"M5e","Aoiyama","6-6 (7-8)",0,"yorikiri",6480,"O1e","Takayasu","7-5 (9-6)",1
"2019.01",12,1123,"Y1w","Hakuho","10-2 (10-4-1)",0,"oshidashi",5944,"S1w","Tamawashi","10-2 (13-2)",1
"2019.01",12,5944,"S1w","Tamawashi","10-2 (13-2)",1,"oshidashi",1123,"Y1w","Hakuho","10-2 (10-4-1)",0
"2019.01",13,2832,"J10e","Arawashi","6-7 (6-9)",0,"yorikiri",4980,"J12w","Sokokurai","7-6 (8-7)",1
"2019.01",13,4980,"J12w","Sokokurai","7-6 (8-7)",1,"yorikiri",2832,"J10e","Arawashi","6-7 (6-9)",0
"2019.01",13,8899,"J9e","Kyokutaisei","6-7 (7-8)",1,"fusen",12255,"J14w","Chiyonoumi","8-5 (8-5-2)",0
"2019.01",13,12255,"J14w","Chiyonoumi","8-5 (8-5-2)",0,"fusen",8899,"J9e","Kyokutaisei","6-7 (7-8)",1
"2019.01",13,6572,"J14e","Gagamaru","8-5 (8-7)",1,"oshidashi",11723,"J7e","Azumaryu","5-8 (7-8)",0
"2019.01",13,11723,"J7e","Azumaryu","5-8 (7-8)",0,"oshidashi",6572,"J14e","Gagamaru","8-5 (8-7)",1
"2019.01",13,7239,"J13e","Kyokushuho","7-6 (9-6)",1,"uwatenage",7240,"J6w","Chiyomaru","9-4 (10-5)",0
"2019.01",13,7240,"J6w","Chiyomaru","9-4 (10-5)",0,"uwatenage",7239,"J13e","Kyokushuho","7-6 (9-6)",1
"2019.01",13,1227,"J5w","Toyonoshima","9-4 (10-5)",1,"yorikiri",12113,"J11w","Tsurugisho","8-5 (8-7)",0
"2019.01",13,12113,"J11w","Tsurugisho","8-5 (8-7)",0,"yorikiri",1227,"J5w","Toyonoshima","9-4 (10-5)",1
"2019.01",13,11971,"J13w","Jokoryu","5-8 (5-9-1)",0,"oshidashi",12370,"J5e","Wakatakakage","6-7 (7-8)",1
"2019.01",13,12370,"J5e","Wakatakakage","6-7 (7-8)",1,"oshidashi",11971,"J13w","Jokoryu","5-8 (5-9-1)",0
"2019.01",13,11726,"J4w","Tokushoryu","7-6 (7-8)",1,"oshidashi",12203,"J10w","Tobizaru","6-7 (7-8)",0
"2019.01",13,12203,"J10w","Tobizaru","6-7 (7-8)",0,"oshidashi",11726,"J4w","Tokushoryu","7-6 (7-8)",1
"2019.01",13,12024,"J11e","Shimanoumi","11-2 (13-2)",0,"hatakikomi",12427,"J4e","Tomokaze","8-5 (10-5)",1
"2019.01",13,12427,"J4e","Tomokaze","8-5 (10-5)",1,"hatakikomi",12024,"J11e","Shimanoumi","11-2 (13-2)",0
"2019.01",13,11943,"J6e","Hakuyozan","7-6 (8-7)",1,"oshidashi",12051,"J3w","Ishiura","9-4 (9-6)",0
"2019.01",13,12051,"J3w","Ishiura","9-4 (9-6)",0,"oshidashi",11943,"J6e","Hakuyozan","7-6 (8-7)",1
"2019.01",13,89,"J3e","Aminishiki","1-12 (3-12)",0,"yorikiri",12406,"J9w","Mitoryu","5-8 (6-9)",1
"2019.01",13,12406,"J9w","Mitoryu","5-8 (6-9)",1,"yorikiri",89,"J3e","Aminishiki","1-12 (3-12)",0
"2019.01",13,8900,"J7w","Akiseyama","4-9 (6-9)",0,"tsukidashi",12077,"J2e","Takagenji","5-8 (6-9)",1
"2019.01",13,12077,"J2e","Takagenji","5-8 (6-9)",1,"tsukidashi",8900,"J7w","Akiseyama","4-9 (6-9)",0
"2019.01",13,12040,"J1w","Daishoho","6-7 (8-7)",0,"yorikiri",12412,"J8e","Enho","7-6 (9-6)",1
"2019.01",13,12412,"J8e","Enho","7-6 (9-6)",1,"yorikiri",12040,"J1w","Daishoho","6-7 (8-7)",0
"2019.01",13,11868,"J1e","Terutsuyoshi","8-5 (8-7)",0,"yorikiri",12026,"J8w","Hidenoumi","6-7 (6-9)",1
"2019.01",13,12026,"J8w","Hidenoumi","6-7 (6-9)",1,"yorikiri",11868,"J1e","Terutsuyoshi","8-5 (8-7)",0
"2019.01",13,2879,"M11e","Sadanoumi","9-4 (9-6)",1,"uwatenage",12292,"M14e","Yutakayama","6-7 (6-9)",0
"2019.01",13,12292,"M14e","Yutakayama","6-7 (6-9)",0,"uwatenage",2879,"M11e","Sadanoumi","9-4 (9-6)",1
"2019.01",13,7153,"M15w","Kotoeko","6-7 (7-8)",0,"tsukidashi",12094,"M10w","Abi","9-4 (10-5)",1
"2019.01",13,12094,"M10w","Abi","9-4 (10-5)",1,"tsukidashi",7153,"M15w","Kotoeko","6-7 (7-8)",0
"2019.01",13,11728,"M10e","Takarafuji","7-6 (9-6)",0,"yorikiri",12144,"M16w","Daishomaru","2-11 (3-12)",1
"2019.01",13,12144,"M16w","Daishomaru","2-11 (3-12)",1,"yorikiri",11728,"M10e","Takarafuji","7-6 (9-6)",0
"2019.01",13,6491,"M11w","Ikioi","8-5 (9-6)",1,"yorikiri",6753,"M8e","Kaisei","9-4 (10-5)",0
"2019.01",13,6753,"M8e","Kaisei","9-4 (10-5)",0,"yorikiri",6491,"M11w","Ikioi","8-5 (9-6)",1
"2019.01",13,11785,"M14w","Chiyoshoma","5-8 (6-9)",0,"oshitaoshi",11985,"M7w","Daieisho","7-6 (9-6)",1
"2019.01",13,11985,"M7w","Daieisho","7-6 (9-6)",1,"oshitaoshi",11785,"M14w","Chiyoshoma","5-8 (6-9)",0
"2019.01",13,6594,"M7e","Ryuden","5-8 (6-9)",0,"yorikiri",12273,"M16e","Daiamami","4-9 (4-11)",1
"2019.01",13,12273,"M16e","Daiamami","4-9 (4-11)",1,"yorikiri",6594,"M7e","Ryuden","5-8 (6-9)",0
"2019.01",13,12043,"M6w","Onosho","7-6 (8-7)",0,"hikiotoshi",12425,"M13e","Yago","8-5 (9-6)",1
"2019.01",13,12425,"M13e","Yago","8-5 (9-6)",1,"hikiotoshi",12043,"M6w","Onosho","7-6 (8-7)",0
"2019.01",13,11934,"M6e","Chiyotairyu","7-6 (8-7)",1,"oshidashi",11946,"M12w","Meisei","6-7 (8-7)",0
"2019.01",13,11946,"M12w","Meisei","6-7 (8-7)",0,"oshidashi",11934,"M6e","Chiyotairyu","7-6 (8-7)",1
"2019.01",13,5967,"M5w","Yoshikaze","2-11 (3-12)",0,"oshidashi",11845,"M12e","Kagayaki","5-8 (6-9)",1
"2019.01",13,11845,"M12e","Kagayaki","5-8 (6-9)",1,"oshidashi",5967,"M5w","Yoshikaze","2-11 (3-12)",0
"2019.01",13,11786,"M5e","Aoiyama","7-6 (7-8)",1,"tsukiotoshi",12055,"M9w","Endo","9-4 (10-5)",0
"2019.01",13,12055,"M9w","Endo","9-4 (10-5)",0,"tsukiotoshi",11786,"M5e","Aoiyama","7-6 (7-8)",1
"2019.01",13,6463,"M4w","Okinoumi","6-7 (7-8)",0,"uwatenage",12291,"M8w","Asanoyama","7-6 (8-7)",1
"2019.01",13,12291,"M8w","Asanoyama","7-6 (8-7)",1,"uwatenage",6463,"M4w","Okinoumi","6-7 (7-8)",0
"2019.01",13,6596,"M2e","Nishikigi","6-7 (7-8)",1,"oshidashi",6614,"M3w","Shohozan","5-8 (5-10)",0
"2019.01",13,6614,"M3w","Shohozan","5-8 (5-10)",0,"oshidashi",6596,"M2e","Nishikigi","6-7 (7-8)",1
"2019.01",13,6473,"M1e","Tochiozan","5-8 (6-9)",0,"oshidashi",12130,"M3e","Shodai","5-8 (7-8)",1
"2019.01",13,12130,"M3e","Shodai","5-8 (7-8)",1,"oshidashi",6473,"M1e","Tochiozan","5-8 (6-9)",0
"2019.01",13,12107,"M1w","Ichinojo","6-7 (6-9)",0,"yorikiri",12210,"K1w","Mitakeumi","8-2-3 (8-4-3)",1
"2019.01",13,12210,"K1w","Mitakeumi","8-2-3 (8-4-3)",1,"yorikiri",12107,"M1w","Ichinojo","6-7 (6-9)",0
"2019.01",13,1226,"M4e","Kotoshogiku","5-8 (6-9)",1,"yoritaoshi",11784,"K1e","Myogiryu","5-8 (5-10)",0
"2019.01",13,11784,"K1e","Myogiryu","5-8 (5-10)",0,"yoritaoshi",1226,"M4e","Kotoshogiku","5-8 (6-9)",1
"2019.01",13,5944,"S1w","Tamawashi","11-2 (13-2)",1,"hatakikomi",12239,"M2w","Hokutofuji","7-6 (9-6)",0
"2019.01",13,12239,"M2w","Hokutofuji","7-6 (9-6)",0,"hatakikomi",5944,"S1w","Tamawashi","11-2 (13-2)",1
"2019.01",13,6468,"O1w","Goeido","7-6 (9-6)",1,"yorikiri",6480,"O1e","Takayasu","7-6 (9-6)",0
"2019.01",13,6480,"O1e","Takayasu","7-6 (9-6)",0,"yorikiri",6468,"O1w","Goeido","7-6 (9-6)",1
"2019.01",13,1123,"Y1w","Hakuho","10-3 (10-4-1)",0,"hikiotoshi",12191,"S1e","Takakeisho","10-3 (11-4)",1
"2019.01",13,12191,"S1e","Takakeisho","10-3 (11-4)",1,"hikiotoshi",1123,"Y1w","Hakuho","10-3 (10-4-1)",0
"2019.01",14,4980,"J12w","Sokokurai","7-7 (8-7)",0,"oshidashi",11972,"Ms1e","Daiseido","4-3",1
"2019.01",14,11972,"Ms1e","Daiseido","4-3",1,"oshidashi",4980,"J12w","Sokokurai","7-7 (8-7)",0
"2019.01",14,8900,"J7w","Akiseyama","5-9 (6-9)",1,"yorikiri",12113,"J11w","Tsurugisho","8-6 (8-7)",0
"2019.01",14,12113,"J11w","Tsurugisho","8-6 (8-7)",0,"yorikiri",8900,"J7w","Akiseyama","5-9 (6-9)",1
"2019.01",14,11943,"J6e","Hakuyozan","8-6 (8-7)",1,"yorikiri",12406,"J9w","Mitoryu","5-9 (6-9)",0
"2019.01",14,12406,"J9w","Mitoryu","5-9 (6-9)",0,"yorikiri",11943,"J6e","Hakuyozan","8-6 (8-7)",1
"2019.01",14,6572,"J14e","Gagamaru","8-6 (8-7)",0,"hatakikomi",7240,"J6w","Chiyomaru","10-4 (10-5)",1
"2019.01",14,7240,"J6w","Chiyomaru","10-4 (10-5)",1,"hatakikomi",6572,"J14e","Gagamaru","8-6 (8-7)",0
"2019.01",14,7239,"J13e","Kyokushuho","8-6 (9-6)",1,"uwatenage",12370,"J5e","Wakatakakage","6-8 (7-8)",0
"2019.01",14,12370,"J5e","Wakatakakage","6-8 (7-8)",0,"uwatenage",7239,"J13e","Kyokushuho","8-6 (9-6)",1
"2019.01",14,1227,"J5w","Toyonoshima","10-4 (10-5)",1,"fusen",11971,"J13w","Jokoryu","5-9 (5-9-1)",0
"2019.01",14,11971,"J13w","Jokoryu","5-9 (5-9-1)",0,"fusen",1227,"J5w","Toyonoshima","10-4 (10-5)",1
"2019.01",14,12203,"J10w","Tobizaru","6-8 (7-8)",0,"oshidashi",12427,"J4e","Tomokaze","9-5 (10-5)",1
"2019.01",14,12427,"J4e","Tomokaze","9-5 (10-5)",1,"oshidashi",12203,"J10w","Tobizaru","6-8 (7-8)",0
"2019.01",14,8899,"J9e","Kyokutaisei","7-7 (7-8)",1,"oshidashi",11726,"J4w","Tokushoryu","7-7 (7-8)",0
"2019.01",14,11726,"J4w","Tokushoryu","7-7 (7-8)",0,"oshidashi",8899,"J9e","Kyokutaisei","7-7 (7-8)",1
"2019.01",14,89,"J3e","Aminishiki","2-12 (3-12)",1,"uwatenage",2832,"J10e","Arawashi","6-8 (6-9)",0
"2019.01",14,2832,"J10e","Arawashi","6-8 (6-9)",0,"uwatenage",89,"J3e","Aminishiki","2-12 (3-12)",1
"2019.01",14,12024,"J11e","Shimanoumi","12-2 (13-2)",1,"yorikiri",12051,"J3w","Ishiura","9-5 (9-6)",0
"2019.01",14,12051,"J3w","Ishiura","9-5 (9-6)",0,"yorikiri",12024,"J11e","Shimanoumi","12-2 (13-2)",1
"2019.01",14,11723,"J7e","Azumaryu","6-8 (7-8)",1,"uwatedashinage",12077,"J2e","Takagenji","5-9 (6-9)",0
"2019.01",14,12077,"J2e","Takagenji","5-9 (6-9)",0,"uwatedashinage",11723,"J7e","Azumaryu","6-8 (7-8)",1
"2019.01",14,11868,"J1e","Terutsuyoshi","8-6 (8-7)",0,"hatakikomi",12412,"J8e","Enho","8-6 (9-6)",1
"2019.01",14,12412,"J8e","Enho","8-6 (9-6)",1,"hatakikomi",11868,"J1e","Terutsuyoshi","8-6 (8-7)",0
"2019.01",14,12026,"J8w","Hidenoumi","6-8 (6-9)",0,"yorikiri",12040,"J1w","Daishoho","7-7 (8-7)",1
"2019.01",14,12040,"J1w","Daishoho","7-7 (8-7)",1,"yorikiri",12026,"J8w","Hidenoumi","6-8 (6-9)",0
"2019.01",14,7153,"M15w","Kotoeko","7-7 (7-8)",1,"amiuchi",11845,"M12e","Kagayaki","5-9 (6-9)",0
"2019.01",14,11845,"M12e","Kagayaki","5-9 (6-9)",0,"amiuchi",7153,"M15w","Kotoeko","7-7 (7-8)",1
"2019.01",14,2879,"M11e","Sadanoumi","9-5 (9-6)",0,"uwatenage",11785,"M14w","Chiyoshoma","6-8 (6-9)",1
"2019.01",14,11785,"M14w","Chiyoshoma","6-8 (6-9)",1,"uwatenage",2879,"M11e","Sadanoumi","9-5 (9-6)",0
"2019.01",14,11728,"M10e","Takarafuji","8-6 (9-6)",1,"yorikiri",12273,"M16e","Daiamami","4-10 (4-11)",0
"2019.01",14,12273,"M16e","Daiamami","4-10 (4-11)",0,"yorikiri",11728,"M10e","Takarafuji","8-6 (9-6)",1
"2019.01",14,6753,"M8e","Kaisei","10-4 (10-5)",1,"yorikiri",12425,"M13e","Yago","8-6 (9-6)",0
"2019.01",14,12425,"M13e","Yago","8-6 (9-6)",0,"yorikiri",6753,"M8e","Kaisei","10-4 (10-5)",1
"2019.01",14,12144,"M16w","Daishomaru","3-11 (3-12)",1,"oshitaoshi",12291,"M8w","Asanoyama","7-7 (8-7)",0
"2019.01",14,12291,"M8w","Asanoyama","7-7 (8-7)",0,"oshitaoshi",12144,"M16w","Daishomaru","3-11 (3-12)",1
"2019.01",14,6491,"M11w","Ikioi","9-5 (9-6)",1,"kotenage",6594,"M7e","Ryuden","5-9 (6-9)",0
"2019.01",14,6594,"M7e","Ryuden","5-9 (6-9)",0,"kotenage",6491,"M11w","Ikioi","9-5 (9-6)",1
"2019.01",14,11985,"M7w","Daieisho","8-6 (9-6)",1,"oshidashi",12292,"M14e","Yutakayama","6-8 (6-9)",0
"2019.01",14,12292,"M14e","Yutakayama","6-8 (6-9)",0,"oshidashi",11985,"M7w","Daieisho","8-6 (9-6)",1
"2019.01",14,5967,"M5w","Yoshikaze","2-12 (3-12)",0,"yorikiri",11946,"M12w","Meisei","7-7 (8-7)",1
"2019.01",14,11946,"M12w","Meisei","7-7 (8-7)",1,"yorikiri",5967,"M5w","Yoshikaze","2-12 (3-12)",0
"2019.01",14,1226,"M4e","Kotoshogiku","5-9 (6-9)",0,"hikiotoshi",12130,"M3e","Shodai","6-8 (7-8)",1
"2019.01",14,12130,"M3e","Shodai","6-8 (7-8)",1,"hikiotoshi",1226,"M4e","Kotoshogiku","5-9 (6-9)",0
"2019.01",14,6614,"M3w","Shohozan","5-9 (5-10)",0,"hatakikomi",12094,"M10w","Abi","10-4 (10-5)",1
"2019.01",14,12094,"M10w","Abi","10-4 (10-5)",1,"hatakikomi",6614,"M3w","Shohozan","5-9 (5-10)",0
"2019.01",14,6596,"M2e","Nishikigi","6-8 (7-8)",0,"katasukashi",12239,"M2w","Hokutofuji","8-6 (9-6)",1
"2019.01",14,12239,"M2w","Hokutofuji","8-6 (9-6)",1,"katasukashi",6596,"M2e","Nishikigi","6-8 (7-8)",0
"2019.01",14,6473,"M1e","Tochiozan","5-9 (6-9)",0,"tsukidashi",12055,"M9w","Endo","10-4 (10-5)",1
"2019.01",14,12055,"M9w","Endo","10-4 (10-5)",1,"tsukidashi",6473,"M1e","Tochiozan","5-9 (6-9)",0
"2019.01",14,12043,"M6w","Onosho","8-6 (8-7)",1,"oshidashi",12107,"M1w","Ichinojo","6-8 (6-9)",0
"2019.01",14,12107,"M1w","Ichinojo","6-8 (6-9)",0,"oshidashi",12043,"M6w","Onosho","8-6 (8-7)",1
"2019.01",14,11784,"K1e","Myogiryu","5-9 (5-10)",0,"oshidashi",11934,"M6e","Chiyotairyu","8-6 (8-7)",1
"2019.01",14,11934,"M6e","Chiyotairyu","8-6 (8-7)",1,"oshidashi",11784,"K1e","Myogiryu","5-9 (5-10)",0
"2019.01",14,6463,"M4w","Okinoumi","6-8 (7-8)",0,"oshidashi",12191,"S1e","Takakeisho","11-3 (11-4)",1
"2019.01",14,12191,"S1e","Takakeisho","11-3 (11-4)",1,"oshidashi",6463,"M4w","Okinoumi","6-8 (7-8)",0
"2019.01",14,5944,"S1w","Tamawashi","12-2 (13-2)",1,"oshidashi",11786,"M5e","Aoiyama","7-7 (7-8)",0
"2019.01",14,11786,"M5e","Aoiyama","7-7 (7-8)",0,"oshidashi",5944,"S1w","Tamawashi","12-2 (13-2)",1
"2019.01",14,6480,"O1e","Takayasu","8-6 (9-6)",1,"yorikiri",12210,"K1w","Mitakeumi","8-3-3 (8-4-3)",0
"2019.01",14,12210,"K1w","Mitakeumi","8-3-3 (8-4-3)",0,"yorikiri",6480,"O1e","Takayasu","8-6 (9-6)",1
"2019.01",14,1123,"Y1w","Hakuho","10-4 (10-4-1)",0,"fusen",6468,"O1w","Goeido","8-6 (9-6)",1
"2019.01",14,6468,"O1w","Goeido","8-6 (9-6)",1,"fusen",1123,"Y1w","Hakuho","10-4 (10-4-1)",0
"2019.01",15,4980,"J12w","Sokokurai","8-7",1,"hikiotoshi",12367,"Ms2w","Ryuko","4-3",0
"2019.01",15,12367,"Ms2w","Ryuko","4-3",0,"hikiotoshi",4980,"J12w","Sokokurai","8-7",1
"2019.01",15,12113,"J11w","Tsurugisho","8-7",0,"yorikiri",12406,"J9w","Mitoryu","6-9",1
"2019.01",15,12406,"J9w","Mitoryu","6-9",1,"yorikiri",12113,"J11w","Tsurugisho","8-7",0
"2019.01",15,2832,"J10e","Arawashi","6-9",0,"yorikiri",8900,"J7w","Akiseyama","6-9",1
"2019.01",15,8900,"J7w","Akiseyama","6-9",1,"yorikiri",2832,"J10e","Arawashi","6-9",0
"2019.01",15,7240,"J6w","Chiyomaru","10-5",0,"tsukiotoshi",12024,"J11e","Shimanoumi","13-2",1
"2019.01",15,12024,"J11e","Shimanoumi","13-2",1,"tsukiotoshi",7240,"J6w","Chiyomaru","10-5",0
"2019.01",15,1227,"J5w","Toyonoshima","10-5",0,"hikiotoshi",12412,"J8e","Enho","9-6",1
"2019.01",15,12412,"J8e","Enho","9-6",1,"hikiotoshi",1227,"J5w","Toyonoshima","10-5",0
"2019.01",15,6572,"J14e","Gagamaru","8-7",0,"oshidashi",12370,"J5e","Wakatakakage","7-8",1
"2019.01",15,12370,"J5e","Wakatakakage","7-8",1,"oshidashi",6572,"J14e","Gagamaru","8-7",0
"2019.01",15,7239,"J13e","Kyokushuho","9-6",1,"hatakikomi",11726,"J4w","Tokushoryu","7-8",0
"2019.01",15,11726,"J4w","Tokushoryu","7-8",0,"hatakikomi",7239,"J13e","Kyokushuho","9-6",1
"2019.01",15,11943,"J6e","Hakuyozan","8-7",0,"yorikiri",12427,"J4e","Tomokaze","10-5",1
"2019.01",15,12427,"J4e","Tomokaze","10-5",1,"yorikiri",11943,"J6e","Hakuyozan","8-7",0
"2019.01",15,12051,"J3w","Ishiura","9-6",0,"oshidashi",12203,"J10w","Tobizaru","7-8",1
"2019.01",15,12203,"J10w","Tobizaru","7-8",1,"oshidashi",12051,"J3w","Ishiura","9-6",0
"2019.01",15,89,"J3e","Aminishiki","3-12",1,"shitatedashinage",12026,"J8w","Hidenoumi","6-9",0
"2019.01",15,12026,"J8w","Hidenoumi","6-9",0,"shitatedashinage",89,"J3e","Aminishiki","3-12",1
"2019.01",15,8899,"J9e","Kyokutaisei","7-8",0,"yorikiri",12040,"J1w","Daishoho","8-7",1
"2019.01",15,12040,"J1w","Daishoho","8-7",1,"yorikiri",8899,"J9e","Kyokutaisei","7-8",0
"2019.01",15,11723,"J7e","Azumaryu","7-8",1,"hatakikomi",11868,"J1e","Terutsuyoshi","8-7",0
"2019.01",15,11868,"J1e","Terutsuyoshi","8-7",0,"hatakikomi",11723,"J7e","Azumaryu","7-8",1
"2019.01",15,12077,"J2e","Takagenji","6-9",1,"yorikiri",12144,"M16w","Daishomaru","3-12",0
"2019.01",15,12144,"M16w","Daishomaru","3-12",0,"yorikiri",12077,"J2e","Takagenji","6-9",1
"2019.01",15,11845,"M12e","Kagayaki","6-9",1,"okurinage",12292,"M14e","Yutakayama","6-9",0
"2019.01",15,12292,"M14e","Yutakayama","6-9",0,"okurinage",11845,"M12e","Kagayaki","6-9",1
"2019.01",15,12094,"M10w","Abi","10-5",0,"hatakikomi",12425,"M13e","Yago","9-6",1
"2019.01",15,12425,"M13e","Yago","9-6",1,"hatakikomi",12094,"M10w","Abi","10-5",0
"2019.01",15,6491,"M11w","Ikioi","9-6",0,"uwatenage",12291,"M8w","Asanoyama","8-7",1
"2019.01",15,12291,"M8w","Asanoyama","8-7",1,"uwatenage",6491,"M11w","Ikioi","9-6",0
"2019.01",15,2879,"M11e","Sadanoumi","9-6",0,"tsukiotoshi",11985,"M7w","Daieisho","9-6",1
"2019.01",15,11985,"M7w","Daieisho","9-6",1,"tsukiotoshi",2879,"M11e","Sadanoumi","9-6",0
"2019.01",15,6594,"M7e","Ryuden","6-9",1,"yorikiri",7153,"M15w","Kotoeko","7-8",0
"2019.01",15,7153,"M15w","Kotoeko","7-8",0,"yorikiri",6594,"M7e","Ryuden","6-9",1
"2019.01",15,11946,"M12w","Meisei","8-7",1,"yorikiri",12043,"M6w","Onosho","8-7",0
"2019.01",15,12043,"M6w","Onosho","8-7",0,"yorikiri",11946,"M12w","Meisei","8-7",1
"2019.01",15,11728,"M10e","Takarafuji","9-6",1,"yorikiri",11934,"M6e","Chiyotairyu","8-7",0
"2019.01",15,11934,"M6e","Chiyotairyu","8-7",0,"yorikiri",11728,"M10e","Takarafuji","9-6",1
"2019.01",15,5967,"M5w","Yoshikaze","3-12",1,"yoritaoshi",12273,"M16e","Daiamami","4-11",0
"2019.01",15,12273,"M16e","Daiamami","4-11",0,"yoritaoshi",5967,"M5w","Yoshikaze","3-12",1
"2019.01",15,1226,"M4e","Kotoshogiku","6-9",1,"yoritaoshi",11785,"M14w","Chiyoshoma","6-9",0
"2019.01",15,11785,"M14w","Chiyoshoma","6-9",0,"yoritaoshi",1226,"M4e","Kotoshogiku","6-9",1
"2019.01",15,11786,"M5e","Aoiyama","7-8",0,"oshidashi",12239,"M2w","Hokutofuji","9-6",1
"2019.01",15,12239,"M2w","Hokutofuji","9-6",1,"oshidashi",11786,"M5e","Aoiyama","7-8",0
"2019.01",15,12107,"M1w","Ichinojo","6-9",0,"yorikiri",12130,"M3e","Shodai","7-8",1
"2019.01",15,12130,"M3e","Shodai","7-8",1,"yorikiri",12107,"M1w","Ichinojo","6-9",0
"2019.01",15,6473,"M1e","Tochiozan","6-9",1,"oshitaoshi",6614,"M3w","Shohozan","5-10",0
"2019.01",15,6614,"M3w","Shohozan","5-10",0,"oshitaoshi",6473,"M1e","Tochiozan","6-9",1
"2019.01",15,6596,"M2e","Nishikigi","7-8",1,"kimedashi",12210,"K1w","Mitakeumi","8-4-3",0
"2019.01",15,12210,"K1w","Mitakeumi","8-4-3",0,"kimedashi",6596,"M2e","Nishikigi","7-8",1
"2019.01",15,6463,"M4w","Okinoumi","7-8",1,"yoritaoshi",11784,"K1e","Myogiryu","5-10",0
"2019.01",15,11784,"K1e","Myogiryu","5-10",0,"yoritaoshi",6463,"M4w","Okinoumi","7-8",1
"2019.01",15,5944,"S1w","Tamawashi","13-2",1,"tsukiotoshi",12055,"M9w","Endo","10-5",0
"2019.01",15,12055,"M9w","Endo","10-5",0,"tsukiotoshi",5944,"S1w","Tamawashi","13-2",1
"2019.01",15,6480,"O1e","Takayasu","9-6",1,"yorikiri",6753,"M8e","Kaisei","10-5",0
"2019.01",15,6753,"M8e","Kaisei","10-5",0,"yorikiri",6480,"O1e","Takayasu","9-6",1
"2019.01",15,6468,"O1w","Goeido","9-6",1,"oshidashi",12191,"S1e","Takakeisho","11-4",0
"2019.01",15,12191,"S1e","Takakeisho","11-4",0,"oshidashi",6468,"O1w","Goeido","9-6",1
